"conceptFrom","conceptTo","metaOntology","metaName","casosWhat","casosWhy"
"worth","worth","UNKNOWN","","uncategorizedThesauri2.csv","uncat"
"Naghahanda","Naghahanda","task","","uncategorizedThesauri2.csv","uncat"
"Tuesdays","Tuesdays","UNKNOWN","","uncategorizedThesauri2.csv","uncat"
"programs","programs","UNKNOWN","","uncategorizedThesauri2.csv","uncat"
"structure","structure","UNKNOWN","","uncategorizedThesauri2.csv","uncat"
"ecological","ecological","UNKNOWN","","uncategorizedThesauri2.csv","uncat"
"Wag","Wag","UNKNOWN","","uncategorizedThesauri2.csv","uncat"
"remov","remov","UNKNOWN","","uncategorizedThesauri2.csv","uncat"
"heighten","heighten","task","","uncategorizedThesauri2.csv","uncat"
"steps","steps","UNKNOWN","","uncategorizedThesauri2.csv","uncat"
"accountable","accountable","UNKNOWN","","uncategorizedThesauri2.csv","uncat"
"—Noel","—Noel","UNKNOWN","","uncategorizedThesauri2.csv","uncat"
"Convention","Convention","agent","","uncategorizedThesauri2.csv","uncat"
"Asian","Asian","UNKNOWN","","uncategorizedThesauri2.csv","uncat"
"earlier","earlier","UNKNOWN","","uncategorizedThesauri2.csv","uncat"
"funds","funds","UNKNOWN","","uncategorizedThesauri2.csv","uncat"
"them","them","UNKNOWN","","uncategorizedThesauri2.csv","uncat"
"then","then","UNKNOWN","","uncategorizedThesauri2.csv","uncat"
"Wala","Wala","UNKNOWN","","uncategorizedThesauri2.csv","uncat"
"delivery","delivery","UNKNOWN","","uncategorizedThesauri2.csv","uncat"
"records","records","UNKNOWN","","uncategorizedThesauri2.csv","uncat"
"Pola","Pola","agent","","uncategorizedThesauri2.csv","uncat"
"winds","winds","UNKNOWN","","uncategorizedThesauri2.csv","uncat"
"satellite","satellite","UNKNOWN","","uncategorizedThesauri2.csv","uncat"
"subject","subject","UNKNOWN","","uncategorizedThesauri2.csv","uncat"
"44-meter","44-meter","agent","","uncategorizedThesauri2.csv","uncat"
"PAH","PAH","UNKNOWN","","uncategorizedThesauri2.csv","uncat"
"transpir","transpir","task","","uncategorizedThesauri2.csv","uncat"
"oysters","oysters","UNKNOWN","","uncategorizedThesauri2.csv","uncat"
"Was","Was","task","","uncategorizedThesauri2.csv","uncat"
"Mtug","Mtug","UNKNOWN","","uncategorizedThesauri2.csv","uncat"
"counsel","counsel","UNKNOWN","","uncategorizedThesauri2.csv","uncat"
"larger","larger","UNKNOWN","","uncategorizedThesauri2.csv","uncat"
"Their","Their","UNKNOWN","","uncategorizedThesauri2.csv","uncat"
"Abra","Abra","UNKNOWN","","uncategorizedThesauri2.csv","uncat"
"imbestigasyon","imbestigasyon","UNKNOWN","","uncategorizedThesauri2.csv","uncat"
"Porta","Porta","agent","","uncategorizedThesauri2.csv","uncat"
"polycylic","polycylic","UNKNOWN","","uncategorizedThesauri2.csv","uncat"
"interview","interview","UNKNOWN","","uncategorizedThesauri2.csv","uncat"
"Yulo-Loyzaga","Yulo-Loyzaga","agent","","uncategorizedThesauri2.csv","uncat"
"chairperson","chairperson","agent","","uncategorizedThesauri2.csv","uncat"
"signatory","signatory","UNKNOWN","","uncategorizedThesauri2.csv","uncat"
"within","within","UNKNOWN","","uncategorizedThesauri2.csv","uncat"
"Ports","Ports","agent","","uncategorizedThesauri2.csv","uncat"
"late—one","late—one","task","","uncategorizedThesauri2.csv","uncat"
"replacement","replacement","UNKNOWN","","uncategorizedThesauri2.csv","uncat"
"husks","husks","UNKNOWN","","uncategorizedThesauri2.csv","uncat"
"Briguera","Briguera","UNKNOWN","","uncategorizedThesauri2.csv","uncat"
"cause","cause","task","","uncategorizedThesauri2.csv","uncat"
"PCG","PCG","organization","","uncategorizedThesauri2.csv","uncat"
"resulta","resulta","task","","uncategorizedThesauri2.csv","uncat"
"deeply","deeply","UNKNOWN","","uncategorizedThesauri2.csv","uncat"
"study","study","task","","uncategorizedThesauri2.csv","uncat"
"PCO","PCO","organization","","uncategorizedThesauri2.csv","uncat"
"Limays","Limays","UNKNOWN","","uncategorizedThesauri2.csv","uncat"
"looks","looks","task","","uncategorizedThesauri2.csv","uncat"
"level","level","UNKNOWN","","uncategorizedThesauri2.csv","uncat"
"results","results","UNKNOWN","","uncategorizedThesauri2.csv","uncat"
"gather","gather","task","","uncategorizedThesauri2.csv","uncat"
"sets","sets","UNKNOWN","","uncategorizedThesauri2.csv","uncat"
"appropriate","appropriate","UNKNOWN","","uncategorizedThesauri2.csv","uncat"
"everyth","everyth","UNKNOWN","","uncategorizedThesauri2.csv","uncat"
"such","such","UNKNOWN","","uncategorizedThesauri2.csv","uncat"
"Residents","Residents","UNKNOWN","","uncategorizedThesauri2.csv","uncat"
"wade","wade","task","","uncategorizedThesauri2.csv","uncat"
"spills—some","spills—some","UNKNOWN","","uncategorizedThesauri2.csv","uncat"
"fact-find","fact-find","UNKNOWN","","uncategorizedThesauri2.csv","uncat"
"Corregidor","Corregidor","UNKNOWN","","uncategorizedThesauri2.csv","uncat"
"laman","laman","UNKNOWN","","uncategorizedThesauri2.csv","uncat"
"thin","thin","UNKNOWN","","uncategorizedThesauri2.csv","uncat"
"this","this","UNKNOWN","","uncategorizedThesauri2.csv","uncat"
"release","release","UNKNOWN","","uncategorizedThesauri2.csv","uncat"
"kailangan","kailangan","UNKNOWN","","uncategorizedThesauri2.csv","uncat"
"ibig","ibig","UNKNOWN","","uncategorizedThesauri2.csv","uncat"
"equivalent","equivalent","UNKNOWN","","uncategorizedThesauri2.csv","uncat"
"bamboo","bamboo","UNKNOWN","","uncategorizedThesauri2.csv","uncat"
"sindikato","sindikato","UNKNOWN","","uncategorizedThesauri2.csv","uncat"
"Mayor","Mayor","agent","","uncategorizedThesauri2.csv","uncat"
"nila","nila","UNKNOWN","","uncategorizedThesauri2.csv","uncat"
"Members","Members","agent","","uncategorizedThesauri2.csv","uncat"
"includes","includes","task","","uncategorizedThesauri2.csv","uncat"
"affect","affect","task","","uncategorizedThesauri2.csv","uncat"
"worri","worri","task","","uncategorizedThesauri2.csv","uncat"
"smaller","smaller","UNKNOWN","","uncategorizedThesauri2.csv","uncat"
"stabilize","stabilize","UNKNOWN","","uncategorizedThesauri2.csv","uncat"
"online","online","UNKNOWN","","uncategorizedThesauri2.csv","uncat"
"LUCENA","LUCENA","agent","","uncategorizedThesauri2.csv","uncat"
"passeng","passeng","UNKNOWN","","uncategorizedThesauri2.csv","uncat"
"real","real","UNKNOWN","","uncategorizedThesauri2.csv","uncat"
"Sitio","Sitio","UNKNOWN","","uncategorizedThesauri2.csv","uncat"
"poverty","poverty","UNKNOWN","","uncategorizedThesauri2.csv","uncat"
"scoop","scoop","task","","uncategorizedThesauri2.csv","uncat"
"Authority","Authority","agent","","uncategorizedThesauri2.csv","uncat"
"read","read","task","","uncategorizedThesauri2.csv","uncat"
"various","various","UNKNOWN","","uncategorizedThesauri2.csv","uncat"
"rehabilitation","rehabilitation","UNKNOWN","","uncategorizedThesauri2.csv","uncat"
"PDI","PDI","UNKNOWN","","uncategorizedThesauri2.csv","uncat"
"worst","worst","UNKNOWN","","uncategorizedThesauri2.csv","uncat"
"GLOTON","GLOTON","UNKNOWN","","uncategorizedThesauri2.csv","uncat"
"away","away","UNKNOWN","","uncategorizedThesauri2.csv","uncat"
"liabiility","liabiility","UNKNOWN","","uncategorizedThesauri2.csv","uncat"
"felt","felt","task","","uncategorizedThesauri2.csv","uncat"
"Provincial","Provincial","agent","","uncategorizedThesauri2.csv","uncat"
"Noong","Noong","UNKNOWN","","uncategorizedThesauri2.csv","uncat"
"fossil","fossil","UNKNOWN","","uncategorizedThesauri2.csv","uncat"
"PAMALAKAYA","PAMALAKAYA","UNKNOWN","","uncategorizedThesauri2.csv","uncat"
"4-A","4-A","UNKNOWN","","uncategorizedThesauri2.csv","uncat"
"worry","worry","task","","uncategorizedThesauri2.csv","uncat"
"cleanup","cleanup","UNKNOWN","","uncategorizedThesauri2.csv","uncat"
"These","These","UNKNOWN","","uncategorizedThesauri2.csv","uncat"
"compound","compound","UNKNOWN","","uncategorizedThesauri2.csv","uncat"
"ginagamit","ginagamit","task","","uncategorizedThesauri2.csv","uncat"
"fight","fight","UNKNOWN","","uncategorizedThesauri2.csv","uncat"
"Environmental","Environmental","agent","","uncategorizedThesauri2.csv","uncat"
"sinabi","sinabi","agent","","uncategorizedThesauri2.csv","uncat"
"Princess","Princess","agent","","uncategorizedThesauri2.csv","uncat"
"merchants","merchants","UNKNOWN","","uncategorizedThesauri2.csv","uncat"
"capsiz","capsiz","agent","","uncategorizedThesauri2.csv","uncat"
"Philippines—As","Philippines—As","UNKNOWN","","uncategorizedThesauri2.csv","uncat"
"happen","happen","task","","uncategorizedThesauri2.csv","uncat"
"Salvour","Salvour","UNKNOWN","","uncategorizedThesauri2.csv","uncat"
"turn","turn","task","","uncategorizedThesauri2.csv","uncat"
"disturbance","disturbance","UNKNOWN","","uncategorizedThesauri2.csv","uncat"
"Our","Our","UNKNOWN","","uncategorizedThesauri2.csv","uncat"
"Jonvic","Jonvic","agent","","uncategorizedThesauri2.csv","uncat"
"andito","andito","UNKNOWN","","uncategorizedThesauri2.csv","uncat"
"There","There","UNKNOWN","","uncategorizedThesauri2.csv","uncat"
"magdedeklara","magdedeklara","UNKNOWN","","uncategorizedThesauri2.csv","uncat"
"Salvor","Salvor","agent","","uncategorizedThesauri2.csv","uncat"
"Facebook","Facebook","UNKNOWN","","uncategorizedThesauri2.csv","uncat"
"Campaign","Campaign","UNKNOWN","","uncategorizedThesauri2.csv","uncat"
"crime","crime","UNKNOWN","","uncategorizedThesauri2.csv","uncat"
"unusually","unusually","UNKNOWN","","uncategorizedThesauri2.csv","uncat"
"Spill","Spill","agent","","uncategorizedThesauri2.csv","uncat"
"fellow","fellow","UNKNOWN","","uncategorizedThesauri2.csv","uncat"
"common","common","UNKNOWN","","uncategorizedThesauri2.csv","uncat"
"usapan","usapan","UNKNOWN","","uncategorizedThesauri2.csv","uncat"
"estimate","estimate","task","","uncategorizedThesauri2.csv","uncat"
"allegations","allegations","UNKNOWN","","uncategorizedThesauri2.csv","uncat"
"document","document","task","","uncategorizedThesauri2.csv","uncat"
"figure","figure","UNKNOWN","","uncategorizedThesauri2.csv","uncat"
"urinate","urinate","task","","uncategorizedThesauri2.csv","uncat"
"civil","civil","UNKNOWN","","uncategorizedThesauri2.csv","uncat"
"assess","assess","UNKNOWN","","uncategorizedThesauri2.csv","uncat"
"crisis","crisis","UNKNOWN","","uncategorizedThesauri2.csv","uncat"
"With","With","UNKNOWN","","uncategorizedThesauri2.csv","uncat"
"direct","direct","UNKNOWN","","uncategorizedThesauri2.csv","uncat"
"Pugad","Pugad","UNKNOWN","","uncategorizedThesauri2.csv","uncat"
"assur","assur","agent","","uncategorizedThesauri2.csv","uncat"
"reef","reef","UNKNOWN","","uncategorizedThesauri2.csv","uncat"
"later","later","UNKNOWN","","uncategorizedThesauri2.csv","uncat"
"aftermath","aftermath","UNKNOWN","","uncategorizedThesauri2.csv","uncat"
"fault","fault","UNKNOWN","","uncategorizedThesauri2.csv","uncat"
"mag-develop","mag-develop","UNKNOWN","","uncategorizedThesauri2.csv","uncat"
"seller","seller","UNKNOWN","","uncategorizedThesauri2.csv","uncat"
"clams","clams","UNKNOWN","","uncategorizedThesauri2.csv","uncat"
"mixture","mixture","UNKNOWN","","uncategorizedThesauri2.csv","uncat"
"precautionary","precautionary","UNKNOWN","","uncategorizedThesauri2.csv","uncat"
"President","President","agent","","uncategorizedThesauri2.csv","uncat"
"actions","actions","UNKNOWN","","uncategorizedThesauri2.csv","uncat"
"abort","abort","task","","uncategorizedThesauri2.csv","uncat"
"fear","fear","UNKNOWN","","uncategorizedThesauri2.csv","uncat"
"detail","detail","UNKNOWN","","uncategorizedThesauri2.csv","uncat"
"both","both","UNKNOWN","","uncategorizedThesauri2.csv","uncat"
"kalala","kalala","UNKNOWN","","uncategorizedThesauri2.csv","uncat"
"terms","terms","UNKNOWN","","uncategorizedThesauri2.csv","uncat"
"disruption","disruption","UNKNOWN","","uncategorizedThesauri2.csv","uncat"
"niyan","niyan","UNKNOWN","","uncategorizedThesauri2.csv","uncat"
"exploration","exploration","UNKNOWN","","uncategorizedThesauri2.csv","uncat"
"after","after","UNKNOWN","","uncategorizedThesauri2.csv","uncat"
"commit","commit","task","","uncategorizedThesauri2.csv","uncat"
"Wetland","Wetland","agent","","uncategorizedThesauri2.csv","uncat"
"kainin","kainin","UNKNOWN","","uncategorizedThesauri2.csv","uncat"
"kapag","kapag","UNKNOWN","","uncategorizedThesauri2.csv","uncat"
"DILG","DILG","organization","","uncategorizedThesauri2.csv","uncat"
"unable","unable","UNKNOWN","","uncategorizedThesauri2.csv","uncat"
"Todays","Todays","UNKNOWN","","uncategorizedThesauri2.csv","uncat"
"relation","relation","UNKNOWN","","uncategorizedThesauri2.csv","uncat"
"compensatory","compensatory","UNKNOWN","","uncategorizedThesauri2.csv","uncat"
"malaki","malaki","UNKNOWN","","uncategorizedThesauri2.csv","uncat"
"heavy-weath","heavy-weath","UNKNOWN","","uncategorizedThesauri2.csv","uncat"
"properly","properly","UNKNOWN","","uncategorizedThesauri2.csv","uncat"
"that","that","UNKNOWN","","uncategorizedThesauri2.csv","uncat"
"habitat","habitat","UNKNOWN","","uncategorizedThesauri2.csv","uncat"
"efforts","efforts","UNKNOWN","","uncategorizedThesauri2.csv","uncat"
"than","than","UNKNOWN","","uncategorizedThesauri2.csv","uncat"
"Representatives","Representatives","agent","","uncategorizedThesauri2.csv","uncat"
"previously","previously","UNKNOWN","","uncategorizedThesauri2.csv","uncat"
"lalim","lalim","UNKNOWN","","uncategorizedThesauri2.csv","uncat"
"malapit","malapit","UNKNOWN","","uncategorizedThesauri2.csv","uncat"
"model","model","UNKNOWN","","uncategorizedThesauri2.csv","uncat"
"about","about","UNKNOWN","","uncategorizedThesauri2.csv","uncat"
"mangisda","mangisda","UNKNOWN","","uncategorizedThesauri2.csv","uncat"
"abundant","abundant","UNKNOWN","","uncategorizedThesauri2.csv","uncat"
"mitigation","mitigation","UNKNOWN","","uncategorizedThesauri2.csv","uncat"
"elaborate","elaborate","UNKNOWN","","uncategorizedThesauri2.csv","uncat"
"makatakas","makatakas","UNKNOWN","","uncategorizedThesauri2.csv","uncat"
"complete","complete","task","","uncategorizedThesauri2.csv","uncat"
"brace","brace","UNKNOWN","","uncategorizedThesauri2.csv","uncat"
"P200","P200","UNKNOWN","","uncategorizedThesauri2.csv","uncat"
"Here","Here","UNKNOWN","","uncategorizedThesauri2.csv","uncat"
"feed","feed","UNKNOWN","","uncategorizedThesauri2.csv","uncat"
"severe","severe","UNKNOWN","","uncategorizedThesauri2.csv","uncat"
"lubhang","lubhang","UNKNOWN","","uncategorizedThesauri2.csv","uncat"
"kapaligiran","kapaligiran","UNKNOWN","","uncategorizedThesauri2.csv","uncat"
"feel","feel","task","","uncategorizedThesauri2.csv","uncat"
"Local","Local","agent","","uncategorizedThesauri2.csv","uncat"
"Guerrero","Guerrero","UNKNOWN","","uncategorizedThesauri2.csv","uncat"
"rush","rush","UNKNOWN","","uncategorizedThesauri2.csv","uncat"
"crucial","crucial","UNKNOWN","","uncategorizedThesauri2.csv","uncat"
"4A","4A","agent","","uncategorizedThesauri2.csv","uncat"
"recovery","recovery","UNKNOWN","","uncategorizedThesauri2.csv","uncat"
"kerosene","kerosene","UNKNOWN","","uncategorizedThesauri2.csv","uncat"
"organic","organic","UNKNOWN","","uncategorizedThesauri2.csv","uncat"
"service","service","UNKNOWN","","uncategorizedThesauri2.csv","uncat"
"claim","claim","UNKNOWN","","uncategorizedThesauri2.csv","uncat"
"Alongside","Alongside","UNKNOWN","","uncategorizedThesauri2.csv","uncat"
"masters","masters","UNKNOWN","","uncategorizedThesauri2.csv","uncat"
"4M","4M","UNKNOWN","","uncategorizedThesauri2.csv","uncat"
"brief","brief","UNKNOWN","","uncategorizedThesauri2.csv","uncat"
"costly","costly","UNKNOWN","","uncategorizedThesauri2.csv","uncat"
"secretarys","secretarys","UNKNOWN","","uncategorizedThesauri2.csv","uncat"
"conducts","conducts","task","","uncategorizedThesauri2.csv","uncat"
"Bulk","Bulk","agent","","uncategorizedThesauri2.csv","uncat"
"bring","bring","task","","uncategorizedThesauri2.csv","uncat"
"Data","Data","UNKNOWN","","uncategorizedThesauri2.csv","uncat"
"Estenzo","Estenzo","UNKNOWN","","uncategorizedThesauri2.csv","uncat"
"mangingisda","mangingisda","UNKNOWN","","uncategorizedThesauri2.csv","uncat"
"asawa","asawa","UNKNOWN","","uncategorizedThesauri2.csv","uncat"
"sales","sales","UNKNOWN","","uncategorizedThesauri2.csv","uncat"
"Environmentalists","Environmentalists","UNKNOWN","","uncategorizedThesauri2.csv","uncat"
"criminal","criminal","UNKNOWN","","uncategorizedThesauri2.csv","uncat"
"toxic","toxic","UNKNOWN","","uncategorizedThesauri2.csv","uncat"
"weather","weather","UNKNOWN","","uncategorizedThesauri2.csv","uncat"
"katulad","katulad","UNKNOWN","","uncategorizedThesauri2.csv","uncat"
"Guard","Guard","agent","","uncategorizedThesauri2.csv","uncat"
"headlines","headlines","UNKNOWN","","uncategorizedThesauri2.csv","uncat"
"Hectares","Hectares","task","","uncategorizedThesauri2.csv","uncat"
"wind","wind","UNKNOWN","","uncategorizedThesauri2.csv","uncat"
"naiwan","naiwan","UNKNOWN","","uncategorizedThesauri2.csv","uncat"
"others","others","UNKNOWN","","uncategorizedThesauri2.csv","uncat"
"Karagatan","Karagatan","task","","uncategorizedThesauri2.csv","uncat"
"compens","compens","task","","uncategorizedThesauri2.csv","uncat"
"magagamit","magagamit","task","","uncategorizedThesauri2.csv","uncat"
"prevent","prevent","task","","uncategorizedThesauri2.csv","uncat"
"Protection","Protection","agent","","uncategorizedThesauri2.csv","uncat"
"director","director","UNKNOWN","","uncategorizedThesauri2.csv","uncat"
"bahagi","bahagi","UNKNOWN","","uncategorizedThesauri2.csv","uncat"
"lumaot","lumaot","UNKNOWN","","uncategorizedThesauri2.csv","uncat"
"logistical","logistical","UNKNOWN","","uncategorizedThesauri2.csv","uncat"
"Policy","Policy","UNKNOWN","","uncategorizedThesauri2.csv","uncat"
"Hence","Hence","UNKNOWN","","uncategorizedThesauri2.csv","uncat"
"ganyang","ganyang","UNKNOWN","","uncategorizedThesauri2.csv","uncat"
"Sangguniang","Sangguniang","UNKNOWN","","uncategorizedThesauri2.csv","uncat"
"tap","tap","UNKNOWN","","uncategorizedThesauri2.csv","uncat"
"papaano","papaano","UNKNOWN","","uncategorizedThesauri2.csv","uncat"
"oily","oily","UNKNOWN","","uncategorizedThesauri2.csv","uncat"
"makikita","makikita","UNKNOWN","","uncategorizedThesauri2.csv","uncat"
"coconut","coconut","UNKNOWN","","uncategorizedThesauri2.csv","uncat"
"long-term","long-term","UNKNOWN","","uncategorizedThesauri2.csv","uncat"
"oils","oils","UNKNOWN","","uncategorizedThesauri2.csv","uncat"
"traces","traces","UNKNOWN","","uncategorizedThesauri2.csv","uncat"
"engin","engin","UNKNOWN","","uncategorizedThesauri2.csv","uncat"
"salvor","salvor","agent","","uncategorizedThesauri2.csv","uncat"
"containment","containment","UNKNOWN","","uncategorizedThesauri2.csv","uncat"
"probe","probe","task","","uncategorizedThesauri2.csv","uncat"
"CALABARZON","CALABARZON","UNKNOWN","","uncategorizedThesauri2.csv","uncat"
"latter","latter","UNKNOWN","","uncategorizedThesauri2.csv","uncat"
"disposal","disposal","UNKNOWN","","uncategorizedThesauri2.csv","uncat"
"merong","merong","UNKNOWN","","uncategorizedThesauri2.csv","uncat"
"length","length","UNKNOWN","","uncategorizedThesauri2.csv","uncat"
"Armando","Armando","agent","","uncategorizedThesauri2.csv","uncat"
"Please","Please","UNKNOWN","","uncategorizedThesauri2.csv","uncat"
"want","want","task","","uncategorizedThesauri2.csv","uncat"
"usapin","usapin","UNKNOWN","","uncategorizedThesauri2.csv","uncat"
"GMA","GMA","agent","","uncategorizedThesauri2.csv","uncat"
"rely","rely","task","","uncategorizedThesauri2.csv","uncat"
"typhoon","typhoon","UNKNOWN","","uncategorizedThesauri2.csv","uncat"
"access","access","UNKNOWN","","uncategorizedThesauri2.csv","uncat"
"mishaps","mishaps","UNKNOWN","","uncategorizedThesauri2.csv","uncat"
"unsafe","unsafe","UNKNOWN","","uncategorizedThesauri2.csv","uncat"
"Operation","Operation","agent","","uncategorizedThesauri2.csv","uncat"
"Marilao","Marilao","UNKNOWN","","uncategorizedThesauri2.csv","uncat"
"ruin","ruin","UNKNOWN","","uncategorizedThesauri2.csv","uncat"
"Majority","Majority","agent","","uncategorizedThesauri2.csv","uncat"
"island-province","island-province","UNKNOWN","","uncategorizedThesauri2.csv","uncat"
"incidents","incidents","UNKNOWN","","uncategorizedThesauri2.csv","uncat"
"Llandelar","Llandelar","agent","","uncategorizedThesauri2.csv","uncat"
"Loyzaga","Loyzaga","UNKNOWN","","uncategorizedThesauri2.csv","uncat"
"niya","niya","UNKNOWN","","uncategorizedThesauri2.csv","uncat"
"risk-caus","risk-caus","UNKNOWN","","uncategorizedThesauri2.csv","uncat"
"directly","directly","UNKNOWN","","uncategorizedThesauri2.csv","uncat"
"Protocol","Protocol","agent","","uncategorizedThesauri2.csv","uncat"
"biodegradation","biodegradation","UNKNOWN","","uncategorizedThesauri2.csv","uncat"
"tatagas","tatagas","UNKNOWN","","uncategorizedThesauri2.csv","uncat"
"class","class","UNKNOWN","","uncategorizedThesauri2.csv","uncat"
"property","property","UNKNOWN","","uncategorizedThesauri2.csv","uncat"
"figur","figur","task","","uncategorizedThesauri2.csv","uncat"
"Editors","Editors","UNKNOWN","","uncategorizedThesauri2.csv","uncat"
"naputol","naputol","UNKNOWN","","uncategorizedThesauri2.csv","uncat"
"northern","northern","UNKNOWN","","uncategorizedThesauri2.csv","uncat"
"PAHs","PAHs","UNKNOWN","","uncategorizedThesauri2.csv","uncat"
"environment","environment","agent","","uncategorizedThesauri2.csv","uncat"
"shipyard","shipyard","UNKNOWN","","uncategorizedThesauri2.csv","uncat"
"mapaminsalang","mapaminsalang","UNKNOWN","","uncategorizedThesauri2.csv","uncat"
"PSE","PSE","organization","","uncategorizedThesauri2.csv","uncat"
"popular","popular","UNKNOWN","","uncategorizedThesauri2.csv","uncat"
"bomb","bomb","UNKNOWN","","uncategorizedThesauri2.csv","uncat"
"warn","warn","agent","","uncategorizedThesauri2.csv","uncat"
"stop","stop","task","","uncategorizedThesauri2.csv","uncat"
"categorically","categorically","UNKNOWN","","uncategorizedThesauri2.csv","uncat"
"kanilang","kanilang","UNKNOWN","","uncategorizedThesauri2.csv","uncat"
"Zamboanga","Zamboanga","agent","","uncategorizedThesauri2.csv","uncat"
"wash","wash","task","","uncategorizedThesauri2.csv","uncat"
"Frances","Frances","agent","","uncategorizedThesauri2.csv","uncat"
"mean","mean","task","","uncategorizedThesauri2.csv","uncat"
"For","For","UNKNOWN","","uncategorizedThesauri2.csv","uncat"
"Balingawan","Balingawan","UNKNOWN","","uncategorizedThesauri2.csv","uncat"
"Guimaras","Guimaras","UNKNOWN","","uncategorizedThesauri2.csv","uncat"
"Salazar","Salazar","agent","","uncategorizedThesauri2.csv","uncat"
"office","office","agent","","uncategorizedThesauri2.csv","uncat"
"marine","marine","agent","","uncategorizedThesauri2.csv","uncat"
"worst-case","worst-case","UNKNOWN","","uncategorizedThesauri2.csv","uncat"
"with","with","UNKNOWN","","uncategorizedThesauri2.csv","uncat"
"cultur","cultur","UNKNOWN","","uncategorizedThesauri2.csv","uncat"
"terminals","terminals","UNKNOWN","","uncategorizedThesauri2.csv","uncat"
"circumstances","circumstances","UNKNOWN","","uncategorizedThesauri2.csv","uncat"
"website","website","UNKNOWN","","uncategorizedThesauri2.csv","uncat"
"matter","matter","UNKNOWN","","uncategorizedThesauri2.csv","uncat"
"locally","locally","UNKNOWN","","uncategorizedThesauri2.csv","uncat"
"naturally","naturally","UNKNOWN","","uncategorizedThesauri2.csv","uncat"
"Children","Children","UNKNOWN","","uncategorizedThesauri2.csv","uncat"
"casualty","casualty","UNKNOWN","","uncategorizedThesauri2.csv","uncat"
"domestic","domestic","UNKNOWN","","uncategorizedThesauri2.csv","uncat"
"rules","rules","UNKNOWN","","uncategorizedThesauri2.csv","uncat"
"umiral","umiral","UNKNOWN","","uncategorizedThesauri2.csv","uncat"
"fisherfolk","fisherfolk","UNKNOWN","","uncategorizedThesauri2.csv","uncat"
"inquir","inquir","UNKNOWN","","uncategorizedThesauri2.csv","uncat"
"bumalik","bumalik","task","","uncategorizedThesauri2.csv","uncat"
"karagdagang","karagdagang","UNKNOWN","","uncategorizedThesauri2.csv","uncat"
"—Vince","—Vince","agent","","uncategorizedThesauri2.csv","uncat"
"boom","boom","UNKNOWN","","uncategorizedThesauri2.csv","uncat"
"seasonal","seasonal","UNKNOWN","","uncategorizedThesauri2.csv","uncat"
"dalampasigan","dalampasigan","UNKNOWN","","uncategorizedThesauri2.csv","uncat"
"parts","parts","UNKNOWN","","uncategorizedThesauri2.csv","uncat"
"unconsciousness","unconsciousness","UNKNOWN","","uncategorizedThesauri2.csv","uncat"
"Co","Co","agent","","uncategorizedThesauri2.csv","uncat"
"levels","levels","UNKNOWN","","uncategorizedThesauri2.csv","uncat"
"Balilo","Balilo","agent","","uncategorizedThesauri2.csv","uncat"
"Point","Point","agent","","uncategorizedThesauri2.csv","uncat"
"intelligence","intelligence","UNKNOWN","","uncategorizedThesauri2.csv","uncat"
"these","these","UNKNOWN","","uncategorizedThesauri2.csv","uncat"
"else","else","UNKNOWN","","uncategorizedThesauri2.csv","uncat"
"Samahan","Samahan","UNKNOWN","","uncategorizedThesauri2.csv","uncat"
"Staff","Staff","agent","","uncategorizedThesauri2.csv","uncat"
"Isidro","Isidro","UNKNOWN","","uncategorizedThesauri2.csv","uncat"
"—Mariel","—Mariel","agent","","uncategorizedThesauri2.csv","uncat"
"Councils","Councils","agent","","uncategorizedThesauri2.csv","uncat"
"conditions","conditions","UNKNOWN","","uncategorizedThesauri2.csv","uncat"
"Do","Do","task","","uncategorizedThesauri2.csv","uncat"
"project","project","UNKNOWN","","uncategorizedThesauri2.csv","uncat"
"bit","bit","UNKNOWN","","uncategorizedThesauri2.csv","uncat"
"Dr","Dr","UNKNOWN","","uncategorizedThesauri2.csv","uncat"
"discuss","discuss","task","","uncategorizedThesauri2.csv","uncat"
"klase","klase","UNKNOWN","","uncategorizedThesauri2.csv","uncat"
"De","De","agent","","uncategorizedThesauri2.csv","uncat"
"each","each","UNKNOWN","","uncategorizedThesauri2.csv","uncat"
"nagpaihi","nagpaihi","UNKNOWN","","uncategorizedThesauri2.csv","uncat"
"big","big","UNKNOWN","","uncategorizedThesauri2.csv","uncat"
"GRAPHIC","GRAPHIC","agent","","uncategorizedThesauri2.csv","uncat"
"siphon","siphon","UNKNOWN","","uncategorizedThesauri2.csv","uncat"
"galunggong","galunggong","UNKNOWN","","uncategorizedThesauri2.csv","uncat"
"DAMAGE","DAMAGE","UNKNOWN","","uncategorizedThesauri2.csv","uncat"
"En","En","UNKNOWN","","uncategorizedThesauri2.csv","uncat"
"BULACAN","BULACAN","UNKNOWN","","uncategorizedThesauri2.csv","uncat"
"side","side","UNKNOWN","","uncategorizedThesauri2.csv","uncat"
"INQ","INQ","UNKNOWN","","uncategorizedThesauri2.csv","uncat"
"tell","tell","task","","uncategorizedThesauri2.csv","uncat"
"seawat","seawat","UNKNOWN","","uncategorizedThesauri2.csv","uncat"
"Response","Response","agent","","uncategorizedThesauri2.csv","uncat"
"BFARs","BFARs","UNKNOWN","","uncategorizedThesauri2.csv","uncat"
"informal","informal","UNKNOWN","","uncategorizedThesauri2.csv","uncat"
"RDRRMC","RDRRMC","UNKNOWN","","uncategorizedThesauri2.csv","uncat"
"strongly","strongly","UNKNOWN","","uncategorizedThesauri2.csv","uncat"
"physical","physical","UNKNOWN","","uncategorizedThesauri2.csv","uncat"
"Pin","Pin","agent","","uncategorizedThesauri2.csv","uncat"
"visible","visible","UNKNOWN","","uncategorizedThesauri2.csv","uncat"
"boi","boi","agent","","uncategorizedThesauri2.csv","uncat"
"cruise","cruise","UNKNOWN","","uncategorizedThesauri2.csv","uncat"
"mabayaran","mabayaran","UNKNOWN","","uncategorizedThesauri2.csv","uncat"
"has","has","task","","uncategorizedThesauri2.csv","uncat"
"pakikipag-ugnayan","pakikipag-ugnayan","UNKNOWN","","uncategorizedThesauri2.csv","uncat"
"skimmers","skimmers","UNKNOWN","","uncategorizedThesauri2.csv","uncat"
"aboard","aboard","UNKNOWN","","uncategorizedThesauri2.csv","uncat"
"While","While","UNKNOWN","","uncategorizedThesauri2.csv","uncat"
"Quiapo","Quiapo","UNKNOWN","","uncategorizedThesauri2.csv","uncat"
"had","had","task","","uncategorizedThesauri2.csv","uncat"
"climate","climate","agent","","uncategorizedThesauri2.csv","uncat"
"Probably","Probably","UNKNOWN","","uncategorizedThesauri2.csv","uncat"
"Miguel","Miguel","agent","","uncategorizedThesauri2.csv","uncat"
"SPILL","SPILL","UNKNOWN","","uncategorizedThesauri2.csv","uncat"
"monitor","monitor","task","","uncategorizedThesauri2.csv","uncat"
"MTRK","MTRK","agent","","uncategorizedThesauri2.csv","uncat"
"sign","sign","UNKNOWN","","uncategorizedThesauri2.csv","uncat"
"refuse","refuse","task","","uncategorizedThesauri2.csv","uncat"
"Jane","Jane","agent","","uncategorizedThesauri2.csv","uncat"
"QUEZON","QUEZON","organization","","uncategorizedThesauri2.csv","uncat"
"assumptions","assumptions","UNKNOWN","","uncategorizedThesauri2.csv","uncat"
"talks","talks","UNKNOWN","","uncategorizedThesauri2.csv","uncat"
"crabs","crabs","UNKNOWN","","uncategorizedThesauri2.csv","uncat"
"pare-parehas","pare-parehas","UNKNOWN","","uncategorizedThesauri2.csv","uncat"
"BY","BY","UNKNOWN","","uncategorizedThesauri2.csv","uncat"
"Iyong","Iyong","UNKNOWN","","uncategorizedThesauri2.csv","uncat"
"measure","measure","UNKNOWN","","uncategorizedThesauri2.csv","uncat"
"dispersant","dispersant","UNKNOWN","","uncategorizedThesauri2.csv","uncat"
"At","At","UNKNOWN","","uncategorizedThesauri2.csv","uncat"
"legitimate","legitimate","UNKNOWN","","uncategorizedThesauri2.csv","uncat"
"As","As","UNKNOWN","","uncategorizedThesauri2.csv","uncat"
"exercise","exercise","UNKNOWN","","uncategorizedThesauri2.csv","uncat"
"Sundy","Sundy","UNKNOWN","","uncategorizedThesauri2.csv","uncat"
"analysis","analysis","UNKNOWN","","uncategorizedThesauri2.csv","uncat"
"Alvin","Alvin","agent","","uncategorizedThesauri2.csv","uncat"
"simulation","simulation","UNKNOWN","","uncategorizedThesauri2.csv","uncat"
"non-government","non-government","UNKNOWN","","uncategorizedThesauri2.csv","uncat"
"oil-wat","oil-wat","UNKNOWN","","uncategorizedThesauri2.csv","uncat"
"response","response","UNKNOWN","","uncategorizedThesauri2.csv","uncat"
"nalayag","nalayag","UNKNOWN","","uncategorizedThesauri2.csv","uncat"
"findings","findings","UNKNOWN","","uncategorizedThesauri2.csv","uncat"
"Region","Region","agent","","uncategorizedThesauri2.csv","uncat"
"statements","statements","UNKNOWN","","uncategorizedThesauri2.csv","uncat"
"name","name","UNKNOWN","","uncategorizedThesauri2.csv","uncat"
"An","An","UNKNOWN","","uncategorizedThesauri2.csv","uncat"
"pay","pay","UNKNOWN","","uncategorizedThesauri2.csv","uncat"
"locate","locate","task","","uncategorizedThesauri2.csv","uncat"
"activity","activity","UNKNOWN","","uncategorizedThesauri2.csv","uncat"
"BM","BM","agent","","uncategorizedThesauri2.csv","uncat"
"sites","sites","UNKNOWN","","uncategorizedThesauri2.csv","uncat"
"By","By","UNKNOWN","","uncategorizedThesauri2.csv","uncat"
"persists","persists","task","","uncategorizedThesauri2.csv","uncat"
"pagsugpo","pagsugpo","UNKNOWN","","uncategorizedThesauri2.csv","uncat"
"depend","depend","task","","uncategorizedThesauri2.csv","uncat"
"pai","pai","UNKNOWN","","uncategorizedThesauri2.csv","uncat"
"DA","DA","agent","","uncategorizedThesauri2.csv","uncat"
"eastward","eastward","UNKNOWN","","uncategorizedThesauri2.csv","uncat"
"CG","CG","agent","","uncategorizedThesauri2.csv","uncat"
"nang","nang","agent","","uncategorizedThesauri2.csv","uncat"
"never","never","UNKNOWN","","uncategorizedThesauri2.csv","uncat"
"forgone","forgone","UNKNOWN","","uncategorizedThesauri2.csv","uncat"
"there","there","UNKNOWN","","uncategorizedThesauri2.csv","uncat"
"box","box","UNKNOWN","","uncategorizedThesauri2.csv","uncat"
"Celis","Celis","UNKNOWN","","uncategorizedThesauri2.csv","uncat"
"contamination","contamination","UNKNOWN","","uncategorizedThesauri2.csv","uncat"
"harbor","harbor","UNKNOWN","","uncategorizedThesauri2.csv","uncat"
"highlight","highlight","UNKNOWN","","uncategorizedThesauri2.csv","uncat"
"Those","Those","UNKNOWN","","uncategorizedThesauri2.csv","uncat"
"Ayos","Ayos","UNKNOWN","","uncategorizedThesauri2.csv","uncat"
"among","among","UNKNOWN","","uncategorizedThesauri2.csv","uncat"
"verifi","verifi","UNKNOWN","","uncategorizedThesauri2.csv","uncat"
"her","her","UNKNOWN","","uncategorizedThesauri2.csv","uncat"
"Still","Still","UNKNOWN","","uncategorizedThesauri2.csv","uncat"
"everyone","everyone","UNKNOWN","","uncategorizedThesauri2.csv","uncat"
"itself","itself","UNKNOWN","","uncategorizedThesauri2.csv","uncat"
"Global","Global","UNKNOWN","","uncategorizedThesauri2.csv","uncat"
"Malaki","Malaki","UNKNOWN","","uncategorizedThesauri2.csv","uncat"
"PHOTOS","PHOTOS","UNKNOWN","","uncategorizedThesauri2.csv","uncat"
"MV","MV","agent","","uncategorizedThesauri2.csv","uncat"
"ban","ban","UNKNOWN","","uncategorizedThesauri2.csv","uncat"
"expedite","expedite","UNKNOWN","","uncategorizedThesauri2.csv","uncat"
"final","final","UNKNOWN","","uncategorizedThesauri2.csv","uncat"
"Lt","Lt","UNKNOWN","","uncategorizedThesauri2.csv","uncat"
"transfer","transfer","UNKNOWN","","uncategorizedThesauri2.csv","uncat"
"nate","nate","UNKNOWN","","uncategorizedThesauri2.csv","uncat"
"mobil","mobil","UNKNOWN","","uncategorizedThesauri2.csv","uncat"
"hopes","hopes","UNKNOWN","","uncategorizedThesauri2.csv","uncat"
"bad","bad","UNKNOWN","","uncategorizedThesauri2.csv","uncat"
"MR","MR","agent","","uncategorizedThesauri2.csv","uncat"
"MT","MT","organization","","uncategorizedThesauri2.csv","uncat"
"damages","damages","UNKNOWN","","uncategorizedThesauri2.csv","uncat"
"tumaob","tumaob","UNKNOWN","","uncategorizedThesauri2.csv","uncat"
"mangroves","mangroves","UNKNOWN","","uncategorizedThesauri2.csv","uncat"
"routes","routes","UNKNOWN","","uncategorizedThesauri2.csv","uncat"
"bar","bar","UNKNOWN","","uncategorizedThesauri2.csv","uncat"
"vegetable","vegetable","UNKNOWN","","uncategorizedThesauri2.csv","uncat"
"compensate","compensate","UNKNOWN","","uncategorizedThesauri2.csv","uncat"
"foam","foam","UNKNOWN","","uncategorizedThesauri2.csv","uncat"
"pinagdudusahan","pinagdudusahan","UNKNOWN","","uncategorizedThesauri2.csv","uncat"
"Daniel","Daniel","agent","","uncategorizedThesauri2.csv","uncat"
"Nabubuksan","Nabubuksan","UNKNOWN","","uncategorizedThesauri2.csv","uncat"
"Plan","Plan","agent","","uncategorizedThesauri2.csv","uncat"
"Council","Council","agent","","uncategorizedThesauri2.csv","uncat"
"tropical","tropical","UNKNOWN","","uncategorizedThesauri2.csv","uncat"
"—Giselle","—Giselle","agent","","uncategorizedThesauri2.csv","uncat"
"Mt","Mt","UNKNOWN","","uncategorizedThesauri2.csv","uncat"
"Mr","Mr","UNKNOWN","","uncategorizedThesauri2.csv","uncat"
"unless","unless","UNKNOWN","","uncategorizedThesauri2.csv","uncat"
"dispers","dispers","UNKNOWN","","uncategorizedThesauri2.csv","uncat"
"OF","OF","UNKNOWN","","uncategorizedThesauri2.csv","uncat"
"IFO","IFO","UNKNOWN","","uncategorizedThesauri2.csv","uncat"
"utensils","utensils","UNKNOWN","","uncategorizedThesauri2.csv","uncat"
"products","products","UNKNOWN","","uncategorizedThesauri2.csv","uncat"
"Arnel","Arnel","agent","","uncategorizedThesauri2.csv","uncat"
"Hong","Hong","agent","","uncategorizedThesauri2.csv","uncat"
"stay","stay","UNKNOWN","","uncategorizedThesauri2.csv","uncat"
"exceed","exceed","task","","uncategorizedThesauri2.csv","uncat"
"P5","P5","UNKNOWN","","uncategorizedThesauri2.csv","uncat"
"Nakita","Nakita","UNKNOWN","","uncategorizedThesauri2.csv","uncat"
"brings","brings","task","","uncategorizedThesauri2.csv","uncat"
"P7","P7","task","","uncategorizedThesauri2.csv","uncat"
"P1","P1","UNKNOWN","","uncategorizedThesauri2.csv","uncat"
"No","No","UNKNOWN","","uncategorizedThesauri2.csv","uncat"
"P2","P2","UNKNOWN","","uncategorizedThesauri2.csv","uncat"
"migratory","migratory","UNKNOWN","","uncategorizedThesauri2.csv","uncat"
"On","On","UNKNOWN","","uncategorizedThesauri2.csv","uncat"
"per","per","UNKNOWN","","uncategorizedThesauri2.csv","uncat"
"PH","PH","agent","","uncategorizedThesauri2.csv","uncat"
"begun","begun","task","","uncategorizedThesauri2.csv","uncat"
"insights","insights","UNKNOWN","","uncategorizedThesauri2.csv","uncat"
"bagamat","bagamat","UNKNOWN","","uncategorizedThesauri2.csv","uncat"
"Of","Of","UNKNOWN","","uncategorizedThesauri2.csv","uncat"
"force","force","UNKNOWN","","uncategorizedThesauri2.csv","uncat"
"closely","closely","UNKNOWN","","uncategorizedThesauri2.csv","uncat"
"indefinite","indefinite","UNKNOWN","","uncategorizedThesauri2.csv","uncat"
"ecosystem","ecosystem","UNKNOWN","","uncategorizedThesauri2.csv","uncat"
"difficulty","difficulty","UNKNOWN","","uncategorizedThesauri2.csv","uncat"
"since","since","UNKNOWN","","uncategorizedThesauri2.csv","uncat"
"him","him","UNKNOWN","","uncategorizedThesauri2.csv","uncat"
"type","type","UNKNOWN","","uncategorizedThesauri2.csv","uncat"
"his","his","UNKNOWN","","uncategorizedThesauri2.csv","uncat"
"Manuel","Manuel","agent","","uncategorizedThesauri2.csv","uncat"
"hit","hit","task","","uncategorizedThesauri2.csv","uncat"
"Dennis","Dennis","agent","","uncategorizedThesauri2.csv","uncat"
"tear","tear","task","","uncategorizedThesauri2.csv","uncat"
"Marcos","Marcos","agent","","uncategorizedThesauri2.csv","uncat"
"ply","ply","UNKNOWN","","uncategorizedThesauri2.csv","uncat"
"fines","fines","UNKNOWN","","uncategorizedThesauri2.csv","uncat"
"means","means","task","","uncategorizedThesauri2.csv","uncat"
"meant","meant","task","","uncategorizedThesauri2.csv","uncat"
"kanyang","kanyang","UNKNOWN","","uncategorizedThesauri2.csv","uncat"
"enter","enter","task","","uncategorizedThesauri2.csv","uncat"
"team","team","UNKNOWN","","uncategorizedThesauri2.csv","uncat"
"sadyang","sadyang","UNKNOWN","","uncategorizedThesauri2.csv","uncat"
"Oriental","Oriental","agent","","uncategorizedThesauri2.csv","uncat"
"Leonelle","Leonelle","UNKNOWN","","uncategorizedThesauri2.csv","uncat"
"discov","discov","UNKNOWN","","uncategorizedThesauri2.csv","uncat"
"Network","Network","UNKNOWN","","uncategorizedThesauri2.csv","uncat"
"whole","whole","UNKNOWN","","uncategorizedThesauri2.csv","uncat"
"mahal","mahal","UNKNOWN","","uncategorizedThesauri2.csv","uncat"
"owner","owner","UNKNOWN","","uncategorizedThesauri2.csv","uncat"
"If","If","UNKNOWN","","uncategorizedThesauri2.csv","uncat"
"In","In","UNKNOWN","","uncategorizedThesauri2.csv","uncat"
"grease","grease","UNKNOWN","","uncategorizedThesauri2.csv","uncat"
"goods","goods","UNKNOWN","","uncategorizedThesauri2.csv","uncat"
"misinformation","misinformation","task","","uncategorizedThesauri2.csv","uncat"
"It","It","UNKNOWN","","uncategorizedThesauri2.csv","uncat"
"mangrove","mangrove","UNKNOWN","","uncategorizedThesauri2.csv","uncat"
"path","path","UNKNOWN","","uncategorizedThesauri2.csv","uncat"
"Mesa","Mesa","agent","","uncategorizedThesauri2.csv","uncat"
"east","east","UNKNOWN","","uncategorizedThesauri2.csv","uncat"
"pati","pati","UNKNOWN","","uncategorizedThesauri2.csv","uncat"
"KG","KG","agent","","uncategorizedThesauri2.csv","uncat"
"bid","bid","UNKNOWN","","uncategorizedThesauri2.csv","uncat"
"Securities","Securities","agent","","uncategorizedThesauri2.csv","uncat"
"political","political","UNKNOWN","","uncategorizedThesauri2.csv","uncat"
"validation","validation","UNKNOWN","","uncategorizedThesauri2.csv","uncat"
"your","your","UNKNOWN","","uncategorizedThesauri2.csv","uncat"
"play","play","task","","uncategorizedThesauri2.csv","uncat"
"agreement","agreement","UNKNOWN","","uncategorizedThesauri2.csv","uncat"
"kung","kung","agent","","uncategorizedThesauri2.csv","uncat"
"pic","pic","UNKNOWN","","uncategorizedThesauri2.csv","uncat"
"past","past","UNKNOWN","","uncategorizedThesauri2.csv","uncat"
"Jr","Jr","agent","","uncategorizedThesauri2.csv","uncat"
"Nations","Nations","agent","","uncategorizedThesauri2.csv","uncat"
"environmental","environmental","UNKNOWN","","uncategorizedThesauri2.csv","uncat"
"pass","pass","UNKNOWN","","uncategorizedThesauri2.csv","uncat"
"Panlalawigan","Panlalawigan","UNKNOWN","","uncategorizedThesauri2.csv","uncat"
"iniimbestigahan","iniimbestigahan","UNKNOWN","","uncategorizedThesauri2.csv","uncat"
"Hai","Hai","agent","","uncategorizedThesauri2.csv","uncat"
"Presidential","Presidential","agent","","uncategorizedThesauri2.csv","uncat"
"plan","plan","UNKNOWN","","uncategorizedThesauri2.csv","uncat"
"salvag","salvag","UNKNOWN","","uncategorizedThesauri2.csv","uncat"
"night","night","UNKNOWN","","uncategorizedThesauri2.csv","uncat"
"earn","earn","task","","uncategorizedThesauri2.csv","uncat"
"Almost","Almost","knowledge","","uncategorizedThesauri2.csv","uncat"
"step","step","task","","uncategorizedThesauri2.csv","uncat"
"energy","energy","agent","","uncategorizedThesauri2.csv","uncat"
"changes","changes","UNKNOWN","","uncategorizedThesauri2.csv","uncat"
"RICHARD","RICHARD","UNKNOWN","","uncategorizedThesauri2.csv","uncat"
"towns—Cavite","towns—Cavite","agent","","uncategorizedThesauri2.csv","uncat"
"Mirola","Mirola","#","","uncategorizedThesauri2.csv","uncat"
"estim","estim","UNKNOWN","","uncategorizedThesauri2.csv","uncat"
"maneuv","maneuv","UNKNOWN","","uncategorizedThesauri2.csv","uncat"
"Dino","Dino","agent","","uncategorizedThesauri2.csv","uncat"
"quantity","quantity","UNKNOWN","","uncategorizedThesauri2.csv","uncat"
"Julius","Julius","agent","","uncategorizedThesauri2.csv","uncat"
"responsibility","responsibility","UNKNOWN","","uncategorizedThesauri2.csv","uncat"
"prove","prove","task","","uncategorizedThesauri2.csv","uncat"
"US","US","agent","","uncategorizedThesauri2.csv","uncat"
"nagtatanong","nagtatanong","UNKNOWN","","uncategorizedThesauri2.csv","uncat"
"Nasa","Nasa","UNKNOWN","","uncategorizedThesauri2.csv","uncat"
"To","To","UNKNOWN","","uncategorizedThesauri2.csv","uncat"
"heads","heads","UNKNOWN","","uncategorizedThesauri2.csv","uncat"
"UP","UP","agent","","uncategorizedThesauri2.csv","uncat"
"ITOPF","ITOPF","UNKNOWN","","uncategorizedThesauri2.csv","uncat"
"yun","yun","UNKNOWN","","uncategorizedThesauri2.csv","uncat"
"sanctions","sanctions","UNKNOWN","","uncategorizedThesauri2.csv","uncat"
"became","became","task","","uncategorizedThesauri2.csv","uncat"
"Patrol","Patrol","UNKNOWN","","uncategorizedThesauri2.csv","uncat"
"standby","standby","UNKNOWN","","uncategorizedThesauri2.csv","uncat"
"presyo","presyo","UNKNOWN","","uncategorizedThesauri2.csv","uncat"
"critic","critic","UNKNOWN","","uncategorizedThesauri2.csv","uncat"
"sought","sought","task","","uncategorizedThesauri2.csv","uncat"
"plants","plants","UNKNOWN","","uncategorizedThesauri2.csv","uncat"
"wildlife","wildlife","UNKNOWN","","uncategorizedThesauri2.csv","uncat"
"beneficiary","beneficiary","UNKNOWN","","uncategorizedThesauri2.csv","uncat"
"ensur","ensur","UNKNOWN","","uncategorizedThesauri2.csv","uncat"
"businessman","businessman","UNKNOWN","","uncategorizedThesauri2.csv","uncat"
"We","We","UNKNOWN","","uncategorizedThesauri2.csv","uncat"
"Months","Months","UNKNOWN","","uncategorizedThesauri2.csv","uncat"
"best","best","UNKNOWN","","uncategorizedThesauri2.csv","uncat"
"gawa","gawa","task","","uncategorizedThesauri2.csv","uncat"
"malalak","malalak","UNKNOWN","","uncategorizedThesauri2.csv","uncat"
"complet","complet","UNKNOWN","","uncategorizedThesauri2.csv","uncat"
"site","site","UNKNOWN","","uncategorizedThesauri2.csv","uncat"
"Specially","Specially","UNKNOWN","","uncategorizedThesauri2.csv","uncat"
"Vaga","Vaga","agent","","uncategorizedThesauri2.csv","uncat"
"Balisangan","Balisangan","UNKNOWN","","uncategorizedThesauri2.csv","uncat"
"Toxic","Toxic","UNKNOWN","","uncategorizedThesauri2.csv","uncat"
"gave","gave","task","","uncategorizedThesauri2.csv","uncat"
"factors—includ","factors—includ","UNKNOWN","","uncategorizedThesauri2.csv","uncat"
"Trillana","Trillana","UNKNOWN","","uncategorizedThesauri2.csv","uncat"
"experienc","experienc","UNKNOWN","","uncategorizedThesauri2.csv","uncat"
"down","down","UNKNOWN","","uncategorizedThesauri2.csv","uncat"
"Kasama","Kasama","UNKNOWN","","uncategorizedThesauri2.csv","uncat"
"week","week","UNKNOWN","","uncategorizedThesauri2.csv","uncat"
"unload","unload","task","","uncategorizedThesauri2.csv","uncat"
"percent","percent","UNKNOWN","","uncategorizedThesauri2.csv","uncat"
"RF","RF","agent","","uncategorizedThesauri2.csv","uncat"
"YoungBEAN","YoungBEAN","UNKNOWN","","uncategorizedThesauri2.csv","uncat"
"Lian","Lian","UNKNOWN","","uncategorizedThesauri2.csv","uncat"
"metal","metal","UNKNOWN","","uncategorizedThesauri2.csv","uncat"
"control","control","task","","uncategorizedThesauri2.csv","uncat"
"Carmela","Carmela","agent","","uncategorizedThesauri2.csv","uncat"
"whose","whose","UNKNOWN","","uncategorizedThesauri2.csv","uncat"
"behind","behind","UNKNOWN","","uncategorizedThesauri2.csv","uncat"
"economy","economy","UNKNOWN","","uncategorizedThesauri2.csv","uncat"
"prolong","prolong","task","","uncategorizedThesauri2.csv","uncat"
"possibility","possibility","UNKNOWN","","uncategorizedThesauri2.csv","uncat"
"humans","humans","UNKNOWN","","uncategorizedThesauri2.csv","uncat"
"Bonz","Bonz","agent","","uncategorizedThesauri2.csv","uncat"
"economic","economic","UNKNOWN","","uncategorizedThesauri2.csv","uncat"
"imperils","imperils","UNKNOWN","","uncategorizedThesauri2.csv","uncat"
"necessit","necessit","UNKNOWN","","uncategorizedThesauri2.csv","uncat"
"got","got","task","","uncategorizedThesauri2.csv","uncat"
"immediately","immediately","UNKNOWN","","uncategorizedThesauri2.csv","uncat"
"fisheries","fisheries","UNKNOWN","","uncategorizedThesauri2.csv","uncat"
"can","can","UNKNOWN","","uncategorizedThesauri2.csv","uncat"
"cap","cap","UNKNOWN","","uncategorizedThesauri2.csv","uncat"
"struck","struck","task","","uncategorizedThesauri2.csv","uncat"
"introduc","introduc","UNKNOWN","","uncategorizedThesauri2.csv","uncat"
"So","So","UNKNOWN","","uncategorizedThesauri2.csv","uncat"
"initially","initially","agent","","uncategorizedThesauri2.csv","uncat"
"announc","announc","agent","","uncategorizedThesauri2.csv","uncat"
"wetland","wetland","UNKNOWN","","uncategorizedThesauri2.csv","uncat"
"expos","expos","UNKNOWN","","uncategorizedThesauri2.csv","uncat"
"tiyakin","tiyakin","UNKNOWN","","uncategorizedThesauri2.csv","uncat"
"Company","Company","agent","","uncategorizedThesauri2.csv","uncat"
"Sa","Sa","UNKNOWN","","uncategorizedThesauri2.csv","uncat"
"attention","attention","UNKNOWN","","uncategorizedThesauri2.csv","uncat"
"uncertainty","uncertainty","UNKNOWN","","uncategorizedThesauri2.csv","uncat"
"SL","SL","UNKNOWN","","uncategorizedThesauri2.csv","uncat"
"you","you","UNKNOWN","","uncategorizedThesauri2.csv","uncat"
"Tungkol","Tungkol","UNKNOWN","","uncategorizedThesauri2.csv","uncat"
"barkong","barkong","UNKNOWN","","uncategorizedThesauri2.csv","uncat"
"siya","siya","UNKNOWN","","uncategorizedThesauri2.csv","uncat"
"diesel","diesel","UNKNOWN","","uncategorizedThesauri2.csv","uncat"
"immediate","immediate","UNKNOWN","","uncategorizedThesauri2.csv","uncat"
"coverage","coverage","UNKNOWN","","uncategorizedThesauri2.csv","uncat"
"sensory","sensory","UNKNOWN","","uncategorizedThesauri2.csv","uncat"
"latest","latest","UNKNOWN","","uncategorizedThesauri2.csv","uncat"
"wear","wear","UNKNOWN","","uncategorizedThesauri2.csv","uncat"
"involvement","involvement","UNKNOWN","","uncategorizedThesauri2.csv","uncat"
"craft","craft","UNKNOWN","","uncategorizedThesauri2.csv","uncat"
"Municipal","Municipal","agent","","uncategorizedThesauri2.csv","uncat"
"people","people","UNKNOWN","","uncategorizedThesauri2.csv","uncat"
"silently","silently","UNKNOWN","","uncategorizedThesauri2.csv","uncat"
"sustain","sustain","task","","uncategorizedThesauri2.csv","uncat"
"Jason","Jason","agent","","uncategorizedThesauri2.csv","uncat"
"liters","liters","UNKNOWN","","uncategorizedThesauri2.csv","uncat"
"Privacy","Privacy","UNKNOWN","","uncategorizedThesauri2.csv","uncat"
"surviv","surviv","UNKNOWN","","uncategorizedThesauri2.csv","uncat"
"bottles","bottles","UNKNOWN","","uncategorizedThesauri2.csv","uncat"
"coastal","coastal","agent","","uncategorizedThesauri2.csv","uncat"
"Around","Around","knowledge","","uncategorizedThesauri2.csv","uncat"
"Similarly","Similarly","UNKNOWN","","uncategorizedThesauri2.csv","uncat"
"simul","simul","UNKNOWN","","uncategorizedThesauri2.csv","uncat"
"slicks","slicks","UNKNOWN","","uncategorizedThesauri2.csv","uncat"
"conventions","conventions","UNKNOWN","","uncategorizedThesauri2.csv","uncat"
"radius","radius","UNKNOWN","","uncategorizedThesauri2.csv","uncat"
"beneficiaries","beneficiaries","UNKNOWN","","uncategorizedThesauri2.csv","uncat"
"Nasugbu","Nasugbu","UNKNOWN","","uncategorizedThesauri2.csv","uncat"
"Atmospheric","Atmospheric","agent","","uncategorizedThesauri2.csv","uncat"
"Additionally","Additionally","UNKNOWN","","uncategorizedThesauri2.csv","uncat"
"inspect","inspect","task","","uncategorizedThesauri2.csv","uncat"
"suddenly","suddenly","UNKNOWN","","uncategorizedThesauri2.csv","uncat"
"put","put","task","","uncategorizedThesauri2.csv","uncat"
"aque","aque","UNKNOWN","","uncategorizedThesauri2.csv","uncat"
"dredger","dredger","agent","","uncategorizedThesauri2.csv","uncat"
"transport","transport","task","","uncategorizedThesauri2.csv","uncat"
"DSWD","DSWD","organization","","uncategorizedThesauri2.csv","uncat"
"reporters","reporters","UNKNOWN","","uncategorizedThesauri2.csv","uncat"
"just","just","UNKNOWN","","uncategorizedThesauri2.csv","uncat"
"Tapos","Tapos","UNKNOWN","","uncategorizedThesauri2.csv","uncat"
"Wilfredo","Wilfredo","agent","","uncategorizedThesauri2.csv","uncat"
"Pandacan","Pandacan","UNKNOWN","","uncategorizedThesauri2.csv","uncat"
"stockholders","stockholders","UNKNOWN","","uncategorizedThesauri2.csv","uncat"
"patungkol","patungkol","UNKNOWN","","uncategorizedThesauri2.csv","uncat"
"40AM","40AM","UNKNOWN","","uncategorizedThesauri2.csv","uncat"
"degree","degree","UNKNOWN","","uncategorizedThesauri2.csv","uncat"
"predictably","predictably","UNKNOWN","","uncategorizedThesauri2.csv","uncat"
"Chua","Chua","agent","","uncategorizedThesauri2.csv","uncat"
"bui","bui","UNKNOWN","","uncategorizedThesauri2.csv","uncat"
"diyan","diyan","UNKNOWN","","uncategorizedThesauri2.csv","uncat"
"taxes","taxes","UNKNOWN","","uncategorizedThesauri2.csv","uncat"
"sila","sila","UNKNOWN","","uncategorizedThesauri2.csv","uncat"
"despite","despite","UNKNOWN","","uncategorizedThesauri2.csv","uncat"
"Naic","Naic","UNKNOWN","","uncategorizedThesauri2.csv","uncat"
"but","but","UNKNOWN","","uncategorizedThesauri2.csv","uncat"
"govt","govt","UNKNOWN","","uncategorizedThesauri2.csv","uncat"
"mystery","mystery","UNKNOWN","","uncategorizedThesauri2.csv","uncat"
"buy","buy","task","","uncategorizedThesauri2.csv","uncat"
"FILES","FILES","task","","uncategorizedThesauri2.csv","uncat"
"beef","beef","task","","uncategorizedThesauri2.csv","uncat"
"travel","travel","task","","uncategorizedThesauri2.csv","uncat"
"been","been","task","","uncategorizedThesauri2.csv","uncat"
"resident","resident","UNKNOWN","","uncategorizedThesauri2.csv","uncat"
"Dolor","Dolor","agent","","uncategorizedThesauri2.csv","uncat"
"tinukoy","tinukoy","UNKNOWN","","uncategorizedThesauri2.csv","uncat"
"Holdings","Holdings","agent","","uncategorizedThesauri2.csv","uncat"
"no-sell","no-sell","UNKNOWN","","uncategorizedThesauri2.csv","uncat"
"buong","buong","UNKNOWN","","uncategorizedThesauri2.csv","uncat"
"5-hectare","5-hectare","UNKNOWN","","uncategorizedThesauri2.csv","uncat"
"survey","survey","UNKNOWN","","uncategorizedThesauri2.csv","uncat"
"longer","longer","UNKNOWN","","uncategorizedThesauri2.csv","uncat"
"Cynthia","Cynthia","agent","","uncategorizedThesauri2.csv","uncat"
"Batangas","Batangas","agent","","uncategorizedThesauri2.csv","uncat"
"connection","connection","UNKNOWN","","uncategorizedThesauri2.csv","uncat"
"majority","majority","UNKNOWN","","uncategorizedThesauri2.csv","uncat"
"stronger","stronger","UNKNOWN","","uncategorizedThesauri2.csv","uncat"
"sink","sink","UNKNOWN","","uncategorizedThesauri2.csv","uncat"
"shipown","shipown","UNKNOWN","","uncategorizedThesauri2.csv","uncat"
"strip","strip","UNKNOWN","","uncategorizedThesauri2.csv","uncat"
"sino","sino","agent","","uncategorizedThesauri2.csv","uncat"
"jump","jump","task","","uncategorizedThesauri2.csv","uncat"
"DANIELLA","DANIELLA","UNKNOWN","","uncategorizedThesauri2.csv","uncat"
"—with","—with","UNKNOWN","","uncategorizedThesauri2.csv","uncat"
"beds","beds","UNKNOWN","","uncategorizedThesauri2.csv","uncat"
"seafood","seafood","agent","","uncategorizedThesauri2.csv","uncat"
"stretch","stretch","task","","uncategorizedThesauri2.csv","uncat"
"nage","nage","UNKNOWN","","uncategorizedThesauri2.csv","uncat"
"exposure","exposure","UNKNOWN","","uncategorizedThesauri2.csv","uncat"
"paano","paano","UNKNOWN","","uncategorizedThesauri2.csv","uncat"
"Organizations","Organizations","agent","","uncategorizedThesauri2.csv","uncat"
"unpumpable","unpumpable","UNKNOWN","","uncategorizedThesauri2.csv","uncat"
"north","north","UNKNOWN","","uncategorizedThesauri2.csv","uncat"
"MTKr","MTKr","UNKNOWN","","uncategorizedThesauri2.csv","uncat"
"Yun","Yun","UNKNOWN","","uncategorizedThesauri2.csv","uncat"
"hopeful","hopeful","UNKNOWN","","uncategorizedThesauri2.csv","uncat"
"Enrique","Enrique","agent","","uncategorizedThesauri2.csv","uncat"
"trader","trader","UNKNOWN","","uncategorizedThesauri2.csv","uncat"
"wrongdoings","wrongdoings","task","","uncategorizedThesauri2.csv","uncat"
"Both","Both","UNKNOWN","","uncategorizedThesauri2.csv","uncat"
"potential","potential","UNKNOWN","","uncategorizedThesauri2.csv","uncat"
"dependence","dependence","UNKNOWN","","uncategorizedThesauri2.csv","uncat"
"AGAC","AGAC","UNKNOWN","","uncategorizedThesauri2.csv","uncat"
"begin","begin","task","","uncategorizedThesauri2.csv","uncat"
"agre","agre","UNKNOWN","","uncategorizedThesauri2.csv","uncat"
"wetlands","wetlands","UNKNOWN","","uncategorizedThesauri2.csv","uncat"
"MTKR","MTKR","agent","","uncategorizedThesauri2.csv","uncat"
"Energy","Energy","agent","","uncategorizedThesauri2.csv","uncat"
"quite","quite","UNKNOWN","","uncategorizedThesauri2.csv","uncat"
"complic","complic","UNKNOWN","","uncategorizedThesauri2.csv","uncat"
"their","their","UNKNOWN","","uncategorizedThesauri2.csv","uncat"
"storage","storage","UNKNOWN","","uncategorizedThesauri2.csv","uncat"
"river","river","UNKNOWN","","uncategorizedThesauri2.csv","uncat"
"said","said","task","","uncategorizedThesauri2.csv","uncat"
"bunker","bunker","UNKNOWN","","uncategorizedThesauri2.csv","uncat"
"store","store","UNKNOWN","","uncategorizedThesauri2.csv","uncat"
"mong","mong","task","","uncategorizedThesauri2.csv","uncat"
"mabisang","mabisang","UNKNOWN","","uncategorizedThesauri2.csv","uncat"
"—VAL","—VAL","agent","","uncategorizedThesauri2.csv","uncat"
"storm","storm","UNKNOWN","","uncategorizedThesauri2.csv","uncat"
"Lukban","Lukban","agent","","uncategorizedThesauri2.csv","uncat"
"magkakaroon","magkakaroon","UNKNOWN","","uncategorizedThesauri2.csv","uncat"
"story","story","UNKNOWN","","uncategorizedThesauri2.csv","uncat"
"chemical","chemical","UNKNOWN","","uncategorizedThesauri2.csv","uncat"
"deem","deem","UNKNOWN","","uncategorizedThesauri2.csv","uncat"
"pumps","pumps","UNKNOWN","","uncategorizedThesauri2.csv","uncat"
"sail","sail","UNKNOWN","","uncategorizedThesauri2.csv","uncat"
"government","government","UNKNOWN","","uncategorizedThesauri2.csv","uncat"
"kumain","kumain","UNKNOWN","","uncategorizedThesauri2.csv","uncat"
"deep","deep","UNKNOWN","","uncategorizedThesauri2.csv","uncat"
"wreak","wreak","UNKNOWN","","uncategorizedThesauri2.csv","uncat"
"enforc","enforc","UNKNOWN","","uncategorizedThesauri2.csv","uncat"
"engine","engine","UNKNOWN","","uncategorizedThesauri2.csv","uncat"
"Cavites","Cavites","UNKNOWN","","uncategorizedThesauri2.csv","uncat"
"Metro","Metro","agent","","uncategorizedThesauri2.csv","uncat"
"image","image","UNKNOWN","","uncategorizedThesauri2.csv","uncat"
"miles","miles","UNKNOWN","","uncategorizedThesauri2.csv","uncat"
"magig","magig","UNKNOWN","","uncategorizedThesauri2.csv","uncat"
"dahilan","dahilan","UNKNOWN","","uncategorizedThesauri2.csv","uncat"
"projects","projects","UNKNOWN","","uncategorizedThesauri2.csv","uncat"
"aim","aim","UNKNOWN","","uncategorizedThesauri2.csv","uncat"
"Bulacans","Bulacans","UNKNOWN","","uncategorizedThesauri2.csv","uncat"
"air","air","UNKNOWN","","uncategorizedThesauri2.csv","uncat"
"mechanisms","mechanisms","UNKNOWN","","uncategorizedThesauri2.csv","uncat"
"go","go","task","","uncategorizedThesauri2.csv","uncat"
"continues","continues","task","","uncategorizedThesauri2.csv","uncat"
"municipalities","municipalities","UNKNOWN","","uncategorizedThesauri2.csv","uncat"
"PHOTO","PHOTO","agent","","uncategorizedThesauri2.csv","uncat"
"Park","Park","agent","","uncategorizedThesauri2.csv","uncat"
"Biodiversity","Biodiversity","agent","","uncategorizedThesauri2.csv","uncat"
"deploy","deploy","task","","uncategorizedThesauri2.csv","uncat"
"aid","aid","UNKNOWN","","uncategorizedThesauri2.csv","uncat"
"Para","Para","UNKNOWN","","uncategorizedThesauri2.csv","uncat"
"ed","ed","agent","","uncategorizedThesauri2.csv","uncat"
"de","de","UNKNOWN","","uncategorizedThesauri2.csv","uncat"
"istruktura","istruktura","UNKNOWN","","uncategorizedThesauri2.csv","uncat"
"extensive","extensive","UNKNOWN","","uncategorizedThesauri2.csv","uncat"
"di","di","UNKNOWN","","uncategorizedThesauri2.csv","uncat"
"associ","associ","UNKNOWN","","uncategorizedThesauri2.csv","uncat"
"current","current","UNKNOWN","","uncategorizedThesauri2.csv","uncat"
"sheen","sheen","UNKNOWN","","uncategorizedThesauri2.csv","uncat"
"do","do","task","","uncategorizedThesauri2.csv","uncat"
"left","left","task","","uncategorizedThesauri2.csv","uncat"
"loom","loom","UNKNOWN","","uncategorizedThesauri2.csv","uncat"
"look","look","UNKNOWN","","uncategorizedThesauri2.csv","uncat"
"install","install","task","","uncategorizedThesauri2.csv","uncat"
"safe","safe","UNKNOWN","","uncategorizedThesauri2.csv","uncat"
"transfers","transfers","UNKNOWN","","uncategorizedThesauri2.csv","uncat"
"beat","beat","task","","uncategorizedThesauri2.csv","uncat"
"debt","debt","UNKNOWN","","uncategorizedThesauri2.csv","uncat"
"ey","ey","UNKNOWN","","uncategorizedThesauri2.csv","uncat"
"needs","needs","UNKNOWN","","uncategorizedThesauri2.csv","uncat"
"Joanna","Joanna","agent","","uncategorizedThesauri2.csv","uncat"
"Inc","Inc","agent","","uncategorizedThesauri2.csv","uncat"
"operator","operator","UNKNOWN","","uncategorizedThesauri2.csv","uncat"
"yes","yes","UNKNOWN","","uncategorizedThesauri2.csv","uncat"
"eh","eh","UNKNOWN","","uncategorizedThesauri2.csv","uncat"
"ei","ei","task","","uncategorizedThesauri2.csv","uncat"
"Trias","Trias","agent","","uncategorizedThesauri2.csv","uncat"
"deploi","deploi","UNKNOWN","","uncategorizedThesauri2.csv","uncat"
"en","en","UNKNOWN","","uncategorizedThesauri2.csv","uncat"
"ginawa","ginawa","UNKNOWN","","uncategorizedThesauri2.csv","uncat"
"ago","ago","UNKNOWN","","uncategorizedThesauri2.csv","uncat"
"yet","yet","UNKNOWN","","uncategorizedThesauri2.csv","uncat"
"Satellite","Satellite","agent","","uncategorizedThesauri2.csv","uncat"
"Geophysical","Geophysical","agent","","uncategorizedThesauri2.csv","uncat"
"normal","normal","UNKNOWN","","uncategorizedThesauri2.csv","uncat"
"bentahan","bentahan","UNKNOWN","","uncategorizedThesauri2.csv","uncat"
"tragedy","tragedy","UNKNOWN","","uncategorizedThesauri2.csv","uncat"
"by","by","UNKNOWN","","uncategorizedThesauri2.csv","uncat"
"long","long","UNKNOWN","","uncategorizedThesauri2.csv","uncat"
"deal","deal","task","","uncategorizedThesauri2.csv","uncat"
"fishpond","fishpond","UNKNOWN","","uncategorizedThesauri2.csv","uncat"
"Yung","Yung","UNKNOWN","","uncategorizedThesauri2.csv","uncat"
"any","any","UNKNOWN","","uncategorizedThesauri2.csv","uncat"
"oclock","oclock","UNKNOWN","","uncategorizedThesauri2.csv","uncat"
"ano","ano","UNKNOWN","","uncategorizedThesauri2.csv","uncat"
"dead","dead","UNKNOWN","","uncategorizedThesauri2.csv","uncat"
"depends","depends","task","","uncategorizedThesauri2.csv","uncat"
"gill","gill","UNKNOWN","","uncategorizedThesauri2.csv","uncat"
"aims","aims","UNKNOWN","","uncategorizedThesauri2.csv","uncat"
"be","be","task","","uncategorizedThesauri2.csv","uncat"
"30-kilomet","30-kilomet","UNKNOWN","","uncategorizedThesauri2.csv","uncat"
"ang","ang","agent","","uncategorizedThesauri2.csv","uncat"
"Gavan","Gavan","agent","","uncategorizedThesauri2.csv","uncat"
"engines","engines","UNKNOWN","","uncategorizedThesauri2.csv","uncat"
"likely","likely","UNKNOWN","","uncategorizedThesauri2.csv","uncat"
"disclos","disclos","UNKNOWN","","uncategorizedThesauri2.csv","uncat"
"strictly","strictly","UNKNOWN","","uncategorizedThesauri2.csv","uncat"
"kumikita","kumikita","UNKNOWN","","uncategorizedThesauri2.csv","uncat"
"drain","drain","task","","uncategorizedThesauri2.csv","uncat"
"interim","interim","UNKNOWN","","uncategorizedThesauri2.csv","uncat"
"samples","samples","UNKNOWN","","uncategorizedThesauri2.csv","uncat"
"and","and","UNKNOWN","","uncategorizedThesauri2.csv","uncat"
"maaari","maaari","UNKNOWN","","uncategorizedThesauri2.csv","uncat"
"Last","Last","UNKNOWN","","uncategorizedThesauri2.csv","uncat"
"nakalutang","nakalutang","UNKNOWN","","uncategorizedThesauri2.csv","uncat"
"Bancal","Bancal","UNKNOWN","","uncategorizedThesauri2.csv","uncat"
"Office","Office","agent","","uncategorizedThesauri2.csv","uncat"
"lend","lend","task","","uncategorizedThesauri2.csv","uncat"
"Institute","Institute","agent","","uncategorizedThesauri2.csv","uncat"
"collect","collect","task","","uncategorizedThesauri2.csv","uncat"
"does","does","task","","uncategorizedThesauri2.csv","uncat"
"UP-MSI","UP-MSI","UNKNOWN","","uncategorizedThesauri2.csv","uncat"
"kahit","kahit","UNKNOWN","","uncategorizedThesauri2.csv","uncat"
"destruction","destruction","UNKNOWN","","uncategorizedThesauri2.csv","uncat"
"coastline","coastline","UNKNOWN","","uncategorizedThesauri2.csv","uncat"
"expects","expects","task","","uncategorizedThesauri2.csv","uncat"
"recommend","recommend","UNKNOWN","","uncategorizedThesauri2.csv","uncat"
"collabor","collabor","UNKNOWN","","uncategorizedThesauri2.csv","uncat"
"hands","hands","UNKNOWN","","uncategorizedThesauri2.csv","uncat"
"regist","regist","UNKNOWN","","uncategorizedThesauri2.csv","uncat"
"all","all","UNKNOWN","","uncategorizedThesauri2.csv","uncat"
"members","members","agent","","uncategorizedThesauri2.csv","uncat"
"sample","sample","UNKNOWN","","uncategorizedThesauri2.csv","uncat"
"RELAT","RELAT","UNKNOWN","","uncategorizedThesauri2.csv","uncat"
"houses","houses","UNKNOWN","","uncategorizedThesauri2.csv","uncat"
"ay","ay","agent","","uncategorizedThesauri2.csv","uncat"
"pananagutang","pananagutang","UNKNOWN","","uncategorizedThesauri2.csv","uncat"
"You","You","UNKNOWN","","uncategorizedThesauri2.csv","uncat"
"ba","ba","agent","","uncategorizedThesauri2.csv","uncat"
"Rizal","Rizal","agent","","uncategorizedThesauri2.csv","uncat"
"speed","speed","UNKNOWN","","uncategorizedThesauri2.csv","uncat"
"—VBL","—VBL","agent","","uncategorizedThesauri2.csv","uncat"
"Fishermen","Fishermen","UNKNOWN","","uncategorizedThesauri2.csv","uncat"
"boats","boats","UNKNOWN","","uncategorizedThesauri2.csv","uncat"
"Oceanas","Oceanas","UNKNOWN","","uncategorizedThesauri2.csv","uncat"
"at","at","UNKNOWN","","uncategorizedThesauri2.csv","uncat"
"as","as","UNKNOWN","","uncategorizedThesauri2.csv","uncat"
"National","National","agent","","uncategorizedThesauri2.csv","uncat"
"donat","donat","UNKNOWN","","uncategorizedThesauri2.csv","uncat"
"ak","ak","UNKNOWN","","uncategorizedThesauri2.csv","uncat"
"sabi","sabi","UNKNOWN","","uncategorizedThesauri2.csv","uncat"
"secur","secur","UNKNOWN","","uncategorizedThesauri2.csv","uncat"
"am","am","task","","uncategorizedThesauri2.csv","uncat"
"spreads","spreads","task","","uncategorizedThesauri2.csv","uncat"
"an","an","UNKNOWN","","uncategorizedThesauri2.csv","uncat"
"cooperative","cooperative","UNKNOWN","","uncategorizedThesauri2.csv","uncat"
"yan","yan","UNKNOWN","","uncategorizedThesauri2.csv","uncat"
"ako","ako","UNKNOWN","","uncategorizedThesauri2.csv","uncat"
"ad","ad","UNKNOWN","","uncategorizedThesauri2.csv","uncat"
"unregist","unregist","#","","uncategorizedThesauri2.csv","uncat"
"MKTR","MKTR","agent","","uncategorizedThesauri2.csv","uncat"
"Evidence","Evidence","UNKNOWN","","uncategorizedThesauri2.csv","uncat"
"rains","rains","UNKNOWN","","uncategorizedThesauri2.csv","uncat"
"forget","forget","task","","uncategorizedThesauri2.csv","uncat"
"ayoko","ayoko","UNKNOWN","","uncategorizedThesauri2.csv","uncat"
"refinery","refinery","UNKNOWN","","uncategorizedThesauri2.csv","uncat"
"saan","saan","UNKNOWN","","uncategorizedThesauri2.csv","uncat"
"gallons","gallons","UNKNOWN","","uncategorizedThesauri2.csv","uncat"
"no","no","UNKNOWN","","uncategorizedThesauri2.csv","uncat"
"onset","onset","UNKNOWN","","uncategorizedThesauri2.csv","uncat"
"sustainable","sustainable","UNKNOWN","","uncategorizedThesauri2.csv","uncat"
"Ngayon","Ngayon","UNKNOWN","","uncategorizedThesauri2.csv","uncat"
"doon","doon","UNKNOWN","","uncategorizedThesauri2.csv","uncat"
"deterior","deterior","task","","uncategorizedThesauri2.csv","uncat"
"of","of","UNKNOWN","","uncategorizedThesauri2.csv","uncat"
"correct","correct","UNKNOWN","","uncategorizedThesauri2.csv","uncat"
"on","on","UNKNOWN","","uncategorizedThesauri2.csv","uncat"
"activities","activities","UNKNOWN","","uncategorizedThesauri2.csv","uncat"
"deni","deni","UNKNOWN","","uncategorizedThesauri2.csv","uncat"
"move","move","task","","uncategorizedThesauri2.csv","uncat"
"maybe","maybe","UNKNOWN","","uncategorizedThesauri2.csv","uncat"
"or","or","UNKNOWN","","uncategorizedThesauri2.csv","uncat"
"done","done","task","","uncategorizedThesauri2.csv","uncat"
"questions","questions","UNKNOWN","","uncategorizedThesauri2.csv","uncat"
"IMAGE","IMAGE","UNKNOWN","","uncategorizedThesauri2.csv","uncat"
"board","board","UNKNOWN","","uncategorizedThesauri2.csv","uncat"
"no-cure","no-cure","UNKNOWN","","uncategorizedThesauri2.csv","uncat"
"threaten","threaten","#","","uncategorizedThesauri2.csv","uncat"
"committee","committee","UNKNOWN","","uncategorizedThesauri2.csv","uncat"
"pa","pa","UNKNOWN","","uncategorizedThesauri2.csv","uncat"
"reputable","reputable","UNKNOWN","","uncategorizedThesauri2.csv","uncat"
"month","month","UNKNOWN","","uncategorizedThesauri2.csv","uncat"
"pm","pm","agent","","uncategorizedThesauri2.csv","uncat"
"bodies","bodies","UNKNOWN","","uncategorizedThesauri2.csv","uncat"
"Revenue","Revenue","agent","","uncategorizedThesauri2.csv","uncat"
"po","po","UNKNOWN","","uncategorizedThesauri2.csv","uncat"
"delay","delay","UNKNOWN","","uncategorizedThesauri2.csv","uncat"
"comment","comment","UNKNOWN","","uncategorizedThesauri2.csv","uncat"
"tragedies","tragedies","UNKNOWN","","uncategorizedThesauri2.csv","uncat"
"small","small","UNKNOWN","","uncategorizedThesauri2.csv","uncat"
"expert","expert","UNKNOWN","","uncategorizedThesauri2.csv","uncat"
"shipyards","shipyards","UNKNOWN","","uncategorizedThesauri2.csv","uncat"
"Yan","Yan","UNKNOWN","","uncategorizedThesauri2.csv","uncat"
"reportedly","reportedly","UNKNOWN","","uncategorizedThesauri2.csv","uncat"
"strain","strain","task","","uncategorizedThesauri2.csv","uncat"
"crew","crew","UNKNOWN","","uncategorizedThesauri2.csv","uncat"
"Reynaldo","Reynaldo","UNKNOWN","","uncategorizedThesauri2.csv","uncat"
"most","most","UNKNOWN","","uncategorizedThesauri2.csv","uncat"
"jennif","jennif","agent","","uncategorizedThesauri2.csv","uncat"
"necessity","necessity","UNKNOWN","","uncategorizedThesauri2.csv","uncat"
"surround","surround","UNKNOWN","","uncategorizedThesauri2.csv","uncat"
"kumpanya","kumpanya","UNKNOWN","","uncategorizedThesauri2.csv","uncat"
"aregluhan","aregluhan","UNKNOWN","","uncategorizedThesauri2.csv","uncat"
"100-meter","100-meter","UNKNOWN","","uncategorizedThesauri2.csv","uncat"
"southwest","southwest","UNKNOWN","","uncategorizedThesauri2.csv","uncat"
"me","me","UNKNOWN","","uncategorizedThesauri2.csv","uncat"
"situation","situation","UNKNOWN","","uncategorizedThesauri2.csv","uncat"
"siphone","siphone","UNKNOWN","","uncategorizedThesauri2.csv","uncat"
"mo","mo","UNKNOWN","","uncategorizedThesauri2.csv","uncat"
"catastrophe","catastrophe","UNKNOWN","","uncategorizedThesauri2.csv","uncat"
"my","my","UNKNOWN","","uncategorizedThesauri2.csv","uncat"
"representatives","representatives","agent","","uncategorizedThesauri2.csv","uncat"
"breakwat","breakwat","UNKNOWN","","uncategorizedThesauri2.csv","uncat"
"na","na","agent","","uncategorizedThesauri2.csv","uncat"
"Bagac","Bagac","UNKNOWN","","uncategorizedThesauri2.csv","uncat"
"additional","additional","UNKNOWN","","uncategorizedThesauri2.csv","uncat"
"route","route","UNKNOWN","","uncategorizedThesauri2.csv","uncat"
"precautions","precautions","UNKNOWN","","uncategorizedThesauri2.csv","uncat"
"Vince","Vince","agent","","uncategorizedThesauri2.csv","uncat"
"account","account","UNKNOWN","","uncategorizedThesauri2.csv","uncat"
"ng","ng","agent","","uncategorizedThesauri2.csv","uncat"
"ni","ni","agent","","uncategorizedThesauri2.csv","uncat"
"barangays","barangays","UNKNOWN","","uncategorizedThesauri2.csv","uncat"
"Hagonoy","Hagonoy","UNKNOWN","","uncategorizedThesauri2.csv","uncat"
"technology","technology","agent","","uncategorizedThesauri2.csv","uncat"
"accountability","accountability","UNKNOWN","","uncategorizedThesauri2.csv","uncat"
"spill—were","spill—were","UNKNOWN","","uncategorizedThesauri2.csv","uncat"
"notic","notic","task","","uncategorizedThesauri2.csv","uncat"
"more","more","UNKNOWN","","uncategorizedThesauri2.csv","uncat"
"morn","morn","agent","","uncategorizedThesauri2.csv","uncat"
"Fuel","Fuel","UNKNOWN","","uncategorizedThesauri2.csv","uncat"
"reiterate","reiterate","task","","uncategorizedThesauri2.csv","uncat"
"lots","lots","task","","uncategorizedThesauri2.csv","uncat"
"tulong","tulong","task","","uncategorizedThesauri2.csv","uncat"
"pollutants","pollutants","UNKNOWN","","uncategorizedThesauri2.csv","uncat"
"Civil","Civil","agent","","uncategorizedThesauri2.csv","uncat"
"Toni","Toni","agent","","uncategorizedThesauri2.csv","uncat"
"ko","ko","UNKNOWN","","uncategorizedThesauri2.csv","uncat"
"Cabe","Cabe","UNKNOWN","","uncategorizedThesauri2.csv","uncat"
"Movement","Movement","agent","","uncategorizedThesauri2.csv","uncat"
"km","km","UNKNOWN","","uncategorizedThesauri2.csv","uncat"
"gabi","gabi","UNKNOWN","","uncategorizedThesauri2.csv","uncat"
"loud","loud","UNKNOWN","","uncategorizedThesauri2.csv","uncat"
"causes","causes","task","","uncategorizedThesauri2.csv","uncat"
"lost","lost","task","","uncategorizedThesauri2.csv","uncat"
"loss","loss","UNKNOWN","","uncategorizedThesauri2.csv","uncat"
"delai","delai","task","","uncategorizedThesauri2.csv","uncat"
"moor","moor","task","","uncategorizedThesauri2.csv","uncat"
"Forum","Forum","agent","","uncategorizedThesauri2.csv","uncat"
"Philippines—With","Philippines—With","task","","uncategorizedThesauri2.csv","uncat"
"limitations","limitations","UNKNOWN","","uncategorizedThesauri2.csv","uncat"
"Quezon","Quezon","UNKNOWN","","uncategorizedThesauri2.csv","uncat"
"onsite","onsite","task","","uncategorizedThesauri2.csv","uncat"
"contamin","contamin","UNKNOWN","","uncategorizedThesauri2.csv","uncat"
"conservation","conservation","UNKNOWN","","uncategorizedThesauri2.csv","uncat"
"if","if","UNKNOWN","","uncategorizedThesauri2.csv","uncat"
"Solar","Solar","UNKNOWN","","uncategorizedThesauri2.csv","uncat"
"less","less","UNKNOWN","","uncategorizedThesauri2.csv","uncat"
"those","those","UNKNOWN","","uncategorizedThesauri2.csv","uncat"
"locat","locat","task","","uncategorizedThesauri2.csv","uncat"
"is","is","task","","uncategorizedThesauri2.csv","uncat"
"it","it","UNKNOWN","","uncategorizedThesauri2.csv","uncat"
"afternoon","afternoon","UNKNOWN","","uncategorizedThesauri2.csv","uncat"
"ayaw","ayaw","UNKNOWN","","uncategorizedThesauri2.csv","uncat"
"destructive","destructive","UNKNOWN","","uncategorizedThesauri2.csv","uncat"
"agency","agency","UNKNOWN","","uncategorizedThesauri2.csv","uncat"
"kesyo","kesyo","UNKNOWN","","uncategorizedThesauri2.csv","uncat"
"bulletins","bulletins","UNKNOWN","","uncategorizedThesauri2.csv","uncat"
"customers","customers","UNKNOWN","","uncategorizedThesauri2.csv","uncat"
"in","in","UNKNOWN","","uncategorizedThesauri2.csv","uncat"
"know","know","task","","uncategorizedThesauri2.csv","uncat"
"lose","lose","task","","uncategorizedThesauri2.csv","uncat"
"removes","removes","task","","uncategorizedThesauri2.csv","uncat"
"Diesel","Diesel","UNKNOWN","","uncategorizedThesauri2.csv","uncat"
"local","local","UNKNOWN","","uncategorizedThesauri2.csv","uncat"
"act","act","task","","uncategorizedThesauri2.csv","uncat"
"Philippines","Philippines","agent","","uncategorizedThesauri2.csv","uncat"
"hearings","hearings","UNKNOWN","","uncategorizedThesauri2.csv","uncat"
"Regional","Regional","agent","","uncategorizedThesauri2.csv","uncat"
"Laurel","Laurel","agent","","uncategorizedThesauri2.csv","uncat"
"Development","Development","agent","","uncategorizedThesauri2.csv","uncat"
"advisable","advisable","UNKNOWN","","uncategorizedThesauri2.csv","uncat"
"daang","daang","UNKNOWN","","uncategorizedThesauri2.csv","uncat"
"iba-ibang","iba-ibang","UNKNOWN","","uncategorizedThesauri2.csv","uncat"
"absorbent","absorbent","task","","uncategorizedThesauri2.csv","uncat"
"place","place","task","","uncategorizedThesauri2.csv","uncat"
"Subscribe","Subscribe","task","","uncategorizedThesauri2.csv","uncat"
"how","how","UNKNOWN","","uncategorizedThesauri2.csv","uncat"
"Gaemi","Gaemi","UNKNOWN","","uncategorizedThesauri2.csv","uncat"
"Federation","Federation","agent","","uncategorizedThesauri2.csv","uncat"
"pamahalaan","pamahalaan","UNKNOWN","","uncategorizedThesauri2.csv","uncat"
"international","international","UNKNOWN","","uncategorizedThesauri2.csv","uncat"
"journey","journey","UNKNOWN","","uncategorizedThesauri2.csv","uncat"
"contaminant","contaminant","UNKNOWN","","uncategorizedThesauri2.csv","uncat"
"Because","Because","UNKNOWN","","uncategorizedThesauri2.csv","uncat"
"Environmentalist","Environmentalist","UNKNOWN","","uncategorizedThesauri2.csv","uncat"
"hot","hot","UNKNOWN","","uncategorizedThesauri2.csv","uncat"
"load","load","UNKNOWN","","uncategorizedThesauri2.csv","uncat"
"Guards","Guards","agent","","uncategorizedThesauri2.csv","uncat"
"nearby","nearby","UNKNOWN","","uncategorizedThesauri2.csv","uncat"
"readi","readi","task","","uncategorizedThesauri2.csv","uncat"
"we","we","UNKNOWN","","uncategorizedThesauri2.csv","uncat"
"owns","owns","task","","uncategorizedThesauri2.csv","uncat"
"harm","harm","UNKNOWN","","uncategorizedThesauri2.csv","uncat"
"give","give","task","","uncategorizedThesauri2.csv","uncat"
"events","events","UNKNOWN","","uncategorizedThesauri2.csv","uncat"
"nawawala","nawawala","task","","uncategorizedThesauri2.csv","uncat"
"plung","plung","UNKNOWN","","uncategorizedThesauri2.csv","uncat"
"sinadya","sinadya","task","","uncategorizedThesauri2.csv","uncat"
"Kirk","Kirk","task","","uncategorizedThesauri2.csv","uncat"
"brought","brought","task","","uncategorizedThesauri2.csv","uncat"
"vs","vs","UNKNOWN","","uncategorizedThesauri2.csv","uncat"
"malaman","malaman","UNKNOWN","","uncategorizedThesauri2.csv","uncat"
"havoc","havoc","UNKNOWN","","uncategorizedThesauri2.csv","uncat"
"Kasi","Kasi","UNKNOWN","","uncategorizedThesauri2.csv","uncat"
"critical","critical","UNKNOWN","","uncategorizedThesauri2.csv","uncat"
"SAN","SAN","UNKNOWN","","uncategorizedThesauri2.csv","uncat"
"easy","easy","UNKNOWN","","uncategorizedThesauri2.csv","uncat"
"hard","hard","UNKNOWN","","uncategorizedThesauri2.csv","uncat"
"ability","ability","UNKNOWN","","uncategorizedThesauri2.csv","uncat"
"time-consum","time-consum","UNKNOWN","","uncategorizedThesauri2.csv","uncat"
"initiative","initiative","UNKNOWN","","uncategorizedThesauri2.csv","uncat"
"Hernando","Hernando","task","","uncategorizedThesauri2.csv","uncat"
"Damage","Damage","UNKNOWN","","uncategorizedThesauri2.csv","uncat"
"silang","silang","UNKNOWN","","uncategorizedThesauri2.csv","uncat"
"park","park","UNKNOWN","","uncategorizedThesauri2.csv","uncat"
"trips","trips","UNKNOWN","","uncategorizedThesauri2.csv","uncat"
"previous","previous","UNKNOWN","","uncategorizedThesauri2.csv","uncat"
"settlement","settlement","UNKNOWN","","uncategorizedThesauri2.csv","uncat"
"us","us","UNKNOWN","","uncategorizedThesauri2.csv","uncat"
"Fisherfolk","Fisherfolk","UNKNOWN","","uncategorizedThesauri2.csv","uncat"
"Villar","Villar","agent","","uncategorizedThesauri2.csv","uncat"
"para","para","UNKNOWN","","uncategorizedThesauri2.csv","uncat"
"weeks","weeks","UNKNOWN","","uncategorizedThesauri2.csv","uncat"
"Most","Most","UNKNOWN","","uncategorizedThesauri2.csv","uncat"
"up","up","UNKNOWN","","uncategorizedThesauri2.csv","uncat"
"field","field","UNKNOWN","","uncategorizedThesauri2.csv","uncat"
"slick","slick","UNKNOWN","","uncategorizedThesauri2.csv","uncat"
"Novas","Novas","UNKNOWN","","uncategorizedThesauri2.csv","uncat"
"decid","decid","UNKNOWN","","uncategorizedThesauri2.csv","uncat"
"part","part","UNKNOWN","","uncategorizedThesauri2.csv","uncat"
"afford","afford","task","","uncategorizedThesauri2.csv","uncat"
"plagu","plagu","task","","uncategorizedThesauri2.csv","uncat"
"to","to","UNKNOWN","","uncategorizedThesauri2.csv","uncat"
"affects","affects","task","","uncategorizedThesauri2.csv","uncat"
"conspiracy","conspiracy","UNKNOWN","","uncategorizedThesauri2.csv","uncat"
"overh","overh","UNKNOWN","","uncategorizedThesauri2.csv","uncat"
"sinks","sinks","UNKNOWN","","uncategorizedThesauri2.csv","uncat"
"multi-role","multi-role","UNKNOWN","","uncategorizedThesauri2.csv","uncat"
"half","half","UNKNOWN","","uncategorizedThesauri2.csv","uncat"
"Biaan","Biaan","UNKNOWN","","uncategorizedThesauri2.csv","uncat"
"round","round","UNKNOWN","","uncategorizedThesauri2.csv","uncat"
"Mariveles","Mariveles","UNKNOWN","","uncategorizedThesauri2.csv","uncat"
"inspection","inspection","UNKNOWN","","uncategorizedThesauri2.csv","uncat"
"Bureau","Bureau","agent","","uncategorizedThesauri2.csv","uncat"
"dissipation","dissipation","UNKNOWN","","uncategorizedThesauri2.csv","uncat"
"amount","amount","UNKNOWN","","uncategorizedThesauri2.csv","uncat"
"General","General","agent","","uncategorizedThesauri2.csv","uncat"
"conservative","conservative","UNKNOWN","","uncategorizedThesauri2.csv","uncat"
"contamination-free","contamination-free","UNKNOWN","","uncategorizedThesauri2.csv","uncat"
"Fund","Fund","agent","","uncategorizedThesauri2.csv","uncat"
"su","su","task","","uncategorizedThesauri2.csv","uncat"
"combin","combin","UNKNOWN","","uncategorizedThesauri2.csv","uncat"
"submit","submit","task","","uncategorizedThesauri2.csv","uncat"
"so","so","UNKNOWN","","uncategorizedThesauri2.csv","uncat"
"shallow","shallow","UNKNOWN","","uncategorizedThesauri2.csv","uncat"
"continu","continu","UNKNOWN","","uncategorizedThesauri2.csv","uncat"
"nation","nation","UNKNOWN","","uncategorizedThesauri2.csv","uncat"
"reduce","reduce","task","","uncategorizedThesauri2.csv","uncat"
"sinasabi","sinasabi","UNKNOWN","","uncategorizedThesauri2.csv","uncat"
"finish","finish","task","","uncategorizedThesauri2.csv","uncat"
"More","More","UNKNOWN","","uncategorizedThesauri2.csv","uncat"
"sa","sa","agent","","uncategorizedThesauri2.csv","uncat"
"Terranovas","Terranovas","UNKNOWN","","uncategorizedThesauri2.csv","uncat"
"Lumaot","Lumaot","task","","uncategorizedThesauri2.csv","uncat"
"natural","natural","UNKNOWN","","uncategorizedThesauri2.csv","uncat"
"Industry","Industry","agent","","uncategorizedThesauri2.csv","uncat"
"acknowledge","acknowledge","task","","uncategorizedThesauri2.csv","uncat"
"forum","forum","UNKNOWN","","uncategorizedThesauri2.csv","uncat"
"trade","trade","UNKNOWN","","uncategorizedThesauri2.csv","uncat"
"signal","signal","UNKNOWN","","uncategorizedThesauri2.csv","uncat"
"repeat","repeat","UNKNOWN","","uncategorizedThesauri2.csv","uncat"
"Alliance","Alliance","agent","","uncategorizedThesauri2.csv","uncat"
"consume","consume","task","","uncategorizedThesauri2.csv","uncat"
"Rear","Rear","agent","","uncategorizedThesauri2.csv","uncat"
"reach","reach","task","","uncategorizedThesauri2.csv","uncat"
"meters","meters","UNKNOWN","","uncategorizedThesauri2.csv","uncat"
"problematic","problematic","UNKNOWN","","uncategorizedThesauri2.csv","uncat"
"deny","deny","task","","uncategorizedThesauri2.csv","uncat"
"implement","implement","task","","uncategorizedThesauri2.csv","uncat"
"System","System","UNKNOWN","","uncategorizedThesauri2.csv","uncat"
"foul","foul","UNKNOWN","","uncategorizedThesauri2.csv","uncat"
"consult","consult","task","","uncategorizedThesauri2.csv","uncat"
"mitigate","mitigate","UNKNOWN","","uncategorizedThesauri2.csv","uncat"
"separate","separate","UNKNOWN","","uncategorizedThesauri2.csv","uncat"
"includ","includ","agent","","uncategorizedThesauri2.csv","uncat"
"trace","trace","UNKNOWN","","uncategorizedThesauri2.csv","uncat"
"Kaya","Kaya","UNKNOWN","","uncategorizedThesauri2.csv","uncat"
"track","track","task","","uncategorizedThesauri2.csv","uncat"
"provides","provides","task","","uncategorizedThesauri2.csv","uncat"
"accord","accord","task","","uncategorizedThesauri2.csv","uncat"
"pang","pang","UNKNOWN","","uncategorizedThesauri2.csv","uncat"
"tankers","tankers","UNKNOWN","","uncategorizedThesauri2.csv","uncat"
"State","State","agent","","uncategorizedThesauri2.csv","uncat"
"inyong","inyong","agent","","uncategorizedThesauri2.csv","uncat"
"deliv","deliv","UNKNOWN","","uncategorizedThesauri2.csv","uncat"
"Natalie","Natalie","UNKNOWN","","uncategorizedThesauri2.csv","uncat"
"Ngunit","Ngunit","UNKNOWN","","uncategorizedThesauri2.csv","uncat"
"shell","shell","UNKNOWN","","uncategorizedThesauri2.csv","uncat"
"Similar","Similar","UNKNOWN","","uncategorizedThesauri2.csv","uncat"
"test","test","UNKNOWN","","uncategorizedThesauri2.csv","uncat"
"excuse","excuse","UNKNOWN","","uncategorizedThesauri2.csv","uncat"
"uncontrol","uncontrol","UNKNOWN","","uncategorizedThesauri2.csv","uncat"
"governor","governor","agent","","uncategorizedThesauri2.csv","uncat"
"whether","whether","UNKNOWN","","uncategorizedThesauri2.csv","uncat"
"city","city","agent","","uncategorizedThesauri2.csv","uncat"
"expect","expect","task","","uncategorizedThesauri2.csv","uncat"
"spokesperson","spokesperson","agent","","uncategorizedThesauri2.csv","uncat"
"dealer","dealer","UNKNOWN","","uncategorizedThesauri2.csv","uncat"
"course","course","UNKNOWN","","uncategorizedThesauri2.csv","uncat"
"open","open","task","","uncategorizedThesauri2.csv","uncat"
"hazards","hazards","UNKNOWN","","uncategorizedThesauri2.csv","uncat"
"are","are","task","","uncategorizedThesauri2.csv","uncat"
"page","page","UNKNOWN","","uncategorizedThesauri2.csv","uncat"
"Petroleum","Petroleum","UNKNOWN","","uncategorizedThesauri2.csv","uncat"
"Defense","Defense","agent","","uncategorizedThesauri2.csv","uncat"
"relat","relat","UNKNOWN","","uncategorizedThesauri2.csv","uncat"
"devast","devast","UNKNOWN","","uncategorizedThesauri2.csv","uncat"
"sabihin","sabihin","UNKNOWN","","uncategorizedThesauri2.csv","uncat"
"form","form","task","","uncategorizedThesauri2.csv","uncat"
"clarifi","clarifi","UNKNOWN","","uncategorizedThesauri2.csv","uncat"
"lalawigan","lalawigan","UNKNOWN","","uncategorizedThesauri2.csv","uncat"
"lookout","lookout","UNKNOWN","","uncategorizedThesauri2.csv","uncat"
"Assistant","Assistant","agent","","uncategorizedThesauri2.csv","uncat"
"prepare","prepare","task","","uncategorizedThesauri2.csv","uncat"
"subingsub","subingsub","UNKNOWN","","uncategorizedThesauri2.csv","uncat"
"cite","cite","UNKNOWN","","uncategorizedThesauri2.csv","uncat"
"present","present","task","","uncategorizedThesauri2.csv","uncat"
"plug","plug","UNKNOWN","","uncategorizedThesauri2.csv","uncat"
"pumapakyaw","pumapakyaw","UNKNOWN","","uncategorizedThesauri2.csv","uncat"
"SNIFF","SNIFF","UNKNOWN","","uncategorizedThesauri2.csv","uncat"
"Oceanic","Oceanic","agent","","uncategorizedThesauri2.csv","uncat"
"ask","ask","task","","uncategorizedThesauri2.csv","uncat"
"harder","harder","UNKNOWN","","uncategorizedThesauri2.csv","uncat"
"Luzon","Luzon","agent","","uncategorizedThesauri2.csv","uncat"
"tomorrow","tomorrow","UNKNOWN","","uncategorizedThesauri2.csv","uncat"
"ship","ship","agent","","uncategorizedThesauri2.csv","uncat"
"pain","pain","UNKNOWN","","uncategorizedThesauri2.csv","uncat"
"issu","issu","UNKNOWN","","uncategorizedThesauri2.csv","uncat"
"contact","contact","UNKNOWN","","uncategorizedThesauri2.csv","uncat"
"costs","costs","task","","uncategorizedThesauri2.csv","uncat"
"mode","mode","UNKNOWN","","uncategorizedThesauri2.csv","uncat"
"CONTAIN","CONTAIN","UNKNOWN","","uncategorizedThesauri2.csv","uncat"
"paid","paid","task","","uncategorizedThesauri2.csv","uncat"
"Lomotan","Lomotan","agent","","uncategorizedThesauri2.csv","uncat"
"southern","southern","UNKNOWN","","uncategorizedThesauri2.csv","uncat"
"engage","engage","task","","uncategorizedThesauri2.csv","uncat"
"nananaig","nananaig","UNKNOWN","","uncategorizedThesauri2.csv","uncat"
"forc","forc","UNKNOWN","","uncategorizedThesauri2.csv","uncat"
"reiter","reiter","UNKNOWN","","uncategorizedThesauri2.csv","uncat"
"fisherfolks","fisherfolks","UNKNOWN","","uncategorizedThesauri2.csv","uncat"
"speak","speak","task","","uncategorizedThesauri2.csv","uncat"
"should","should","UNKNOWN","","uncategorizedThesauri2.csv","uncat"
"Individuals","Individuals","task","","uncategorizedThesauri2.csv","uncat"
"City","City","agent","","uncategorizedThesauri2.csv","uncat"
"dzBB","dzBB","UNKNOWN","","uncategorizedThesauri2.csv","uncat"
"point","point","agent","","uncategorizedThesauri2.csv","uncat"
"attach","attach","UNKNOWN","","uncategorizedThesauri2.csv","uncat"
"shipping-rel","shipping-rel","UNKNOWN","","uncategorizedThesauri2.csv","uncat"
"Canillo","Canillo","UNKNOWN","","uncategorizedThesauri2.csv","uncat"
"Cordero","Cordero","#","","uncategorizedThesauri2.csv","uncat"
"foot","foot","UNKNOWN","","uncategorizedThesauri2.csv","uncat"
"little","little","UNKNOWN","","uncategorizedThesauri2.csv","uncat"
"show","show","UNKNOWN","","uncategorizedThesauri2.csv","uncat"
"though","though","UNKNOWN","","uncategorizedThesauri2.csv","uncat"
"pertains","pertains","task","","uncategorizedThesauri2.csv","uncat"
"puts","puts","task","","uncategorizedThesauri2.csv","uncat"
"tugboats","tugboats","UNKNOWN","","uncategorizedThesauri2.csv","uncat"
"fishes","fishes","task","","uncategorizedThesauri2.csv","uncat"
"combat","combat","UNKNOWN","","uncategorizedThesauri2.csv","uncat"
"Caluya","Caluya","UNKNOWN","","uncategorizedThesauri2.csv","uncat"
"proper","proper","UNKNOWN","","uncategorizedThesauri2.csv","uncat"
"contaminate","contaminate","task","","uncategorizedThesauri2.csv","uncat"
"kaugnay","kaugnay","UNKNOWN","","uncategorizedThesauri2.csv","uncat"
"spiller","spiller","UNKNOWN","","uncategorizedThesauri2.csv","uncat"
"except","except","UNKNOWN","","uncategorizedThesauri2.csv","uncat"
"publicly-list","publicly-list","UNKNOWN","","uncategorizedThesauri2.csv","uncat"
"RSJ","RSJ","agent","","uncategorizedThesauri2.csv","uncat"
"pagkakakitaan","pagkakakitaan","UNKNOWN","","uncategorizedThesauri2.csv","uncat"
"manufactur","manufactur","UNKNOWN","","uncategorizedThesauri2.csv","uncat"
"technically","technically","UNKNOWN","","uncategorizedThesauri2.csv","uncat"
"rough","rough","UNKNOWN","","uncategorizedThesauri2.csv","uncat"
"nilang","nilang","UNKNOWN","","uncategorizedThesauri2.csv","uncat"
"Jocelyn","Jocelyn","agent","","uncategorizedThesauri2.csv","uncat"
"apektadong","apektadong","UNKNOWN","","uncategorizedThesauri2.csv","uncat"
"importance","importance","UNKNOWN","","uncategorizedThesauri2.csv","uncat"
"food","food","UNKNOWN","","uncategorizedThesauri2.csv","uncat"
"contain","contain","task","","uncategorizedThesauri2.csv","uncat"
"coast_guard","coast_guard","agent","","generatedFullThesauri.csv",""
"jason_bradley","jason_bradley","agent","","generatedFullThesauri.csv",""
"joet_garcia","joet_garcia","agent","","generatedFullThesauri.csv",""
"mtkr_jason","mtkr_jason","agent","","generatedFullThesauri.csv",""
"social_welfare","social_welfare","agent","","generatedFullThesauri.csv",""
"harbor_star_ship","harbor_star_ship","agent","","generatedFullThesauri.csv",""
"harbor_star","harbor_star","agent","","generatedFullThesauri.csv",""
"jonvic_remulla","jonvic_remulla","agent","","generatedFullThesauri.csv",""
"jesus_crispin","jesus_crispin","agent","","generatedFullThesauri.csv",""
"central_luzon","central_luzon","agent","","generatedFullThesauri.csv",""
"national_capital_region","national_capital_region","agent","","generatedFullThesauri.csv",""
"oil_pollution","oil_pollution","agent","","generatedFullThesauri.csv",""
"michael_john_encina","michael_john_encina","agent","","generatedFullThesauri.csv",""
"national_oceanic","national_oceanic","agent","","generatedFullThesauri.csv",""
"de_mesa","de_mesa","agent","","generatedFullThesauri.csv",""
"civil_defense","civil_defense","agent","","generatedFullThesauri.csv",""
"terra_nova","terra_nova","agent","","generatedFullThesauri.csv",""
"kiko_laurel","kiko_laurel","agent","","generatedFullThesauri.csv",""
"maria_antonia","maria_antonia","agent","","generatedFullThesauri.csv",""
"marcos_jr","marcos_jr","agent","","generatedFullThesauri.csv",""
"station_command","station_command","agent","","generatedFullThesauri.csv",""
"command_michael_john","command_michael_john","agent","","generatedFullThesauri.csv",""
"interior","interior","agent","","generatedFullThesauri.csv",""
"trias","trias","agent","","generatedFullThesauri.csv",""
"agriculture","agriculture","agent","","generatedFullThesauri.csv",""
"cg","cg","agent","","generatedFullThesauri.csv",""
"disasters","disasters","agent","","generatedFullThesauri.csv",""
"agenda","agenda","agent","","generatedFullThesauri.csv",""
"doj","doj","agent","","generatedFullThesauri.csv",""
"philippines","philippines","agent","","generatedFullThesauri.csv",""
"DOJ","DOJ","organization","","generatedFullThesauri.csv",""
"septemb","septemb","agent","","generatedFullThesauri.csv",""
"MANILA","MANILA","organization","","generatedFullThesauri.csv",""
"togeth","togeth","agent","","generatedFullThesauri.csv",""
"castro","castro","agent","","generatedFullThesauri.csv",""
"MSWDO","MSWDO","organization","","generatedFullThesauri.csv",""
"BATAAN","BATAAN","organization","","generatedFullThesauri.csv",""
"christmas","christmas","agent","","generatedFullThesauri.csv",""
"provid","provid","agent","","generatedFullThesauri.csv",""
"OSTR","OSTR","organization","","generatedFullThesauri.csv",""
"saturdays","saturdays","agent","","generatedFullThesauri.csv",""
"jefferson","jefferson","agent","","generatedFullThesauri.csv",""
"corporation","corporation","agent","","generatedFullThesauri.csv",""
"english","english","agent","","generatedFullThesauri.csv",""
"READ","READ","organization","","generatedFullThesauri.csv",""
"PCCG","PCCG","organization","","generatedFullThesauri.csv",""
"geophysical","geophysical","agent","","generatedFullThesauri.csv",""
"ecology","ecology","agent","","generatedFullThesauri.csv",""
"laguna","laguna","agent","","generatedFullThesauri.csv",""
"DOH","DOH","organization","","generatedFullThesauri.csv",""
"batangas","batangas","agent","","generatedFullThesauri.csv",""
"rizal","rizal","agent","","generatedFullThesauri.csv",""
"orient","orient","agent","","generatedFullThesauri.csv",""
"INQUIR","INQUIR","organization","","generatedFullThesauri.csv",""
"movement","movement","agent","","generatedFullThesauri.csv",""
"science","science","agent","","generatedFullThesauri.csv",""
"pola","pola","agent","","generatedFullThesauri.csv",""
"art","art","agent","","generatedFullThesauri.csv",""
"PDRRMC","PDRRMC","organization","","generatedFullThesauri.csv",""
"carri","carri","agent","","generatedFullThesauri.csv",""
"rosario","rosario","agent","","generatedFullThesauri.csv",""
"councils","councils","agent","","generatedFullThesauri.csv",""
"uno","uno","agent","","generatedFullThesauri.csv",""
"—val","—val","agent","","generatedFullThesauri.csv",""
"philsa","philsa","agent","","generatedFullThesauri.csv",""
"—vbl","—vbl","agent","","generatedFullThesauri.csv",""
"employment","employment","agent","","generatedFullThesauri.csv",""
"bulacan","bulacan","agent","","generatedFullThesauri.csv",""
"DOLE","DOLE","organization","","generatedFullThesauri.csv",""
"VAL","VAL","organization","","generatedFullThesauri.csv",""
"natin","natin","agent","","generatedFullThesauri.csv",""
"NCR","NCR","organization","","generatedFullThesauri.csv",""
"BIR","BIR","organization","","generatedFullThesauri.csv",""
"staff","staff","agent","","generatedFullThesauri.csv",""
"DENR","DENR","organization","","generatedFullThesauri.csv",""
"BMB","BMB","organization","","generatedFullThesauri.csv",""
"NBI","NBI","organization","","generatedFullThesauri.csv",""
"securities","securities","agent","","generatedFullThesauri.csv",""
"SEC","SEC","organization","","generatedFullThesauri.csv",""
"co","co","agent","","generatedFullThesauri.csv",""
"justice","justice","agent","","generatedFullThesauri.csv",""
"president","president","agent","","generatedFullThesauri.csv",""
"undersecretary","undersecretary","agent","","generatedFullThesauri.csv",""
"mr","mr","agent","","generatedFullThesauri.csv",""
"mayor","mayor","agent","","generatedFullThesauri.csv",""
"lieutenant","lieutenant","agent","","generatedFullThesauri.csv",""
"spokesman","spokesman","agent","","generatedFullThesauri.csv",""
"empress","empress","agent","","generatedFullThesauri.csv",""
"general","general","agent","","generatedFullThesauri.csv",""
"secretary","secretary","agent","","generatedFullThesauri.csv",""
"princess","princess","agent","","generatedFullThesauri.csv",""
"assistant","assistant","agent","","generatedFullThesauri.csv",""
"capt","capt","agent","","generatedFullThesauri.csv",""
"senator","senator","agent","","generatedFullThesauri.csv",""
"major","major","agent","","generatedFullThesauri.csv",""
